Classification,Year,Period,Period Desc.,Aggregate Level,Is Leaf Code,Trade Flow Code,Trade Flow,Reporter Code,Reporter,Reporter ISO,Partner Code,Partner,Partner ISO,2nd Partner Code,2nd Partner,2nd Partner ISO,Customs Proc. Code,Customs,Mode of Transport Code,Mode of Transport,Commodity Code,Commodity,Qty Unit Code,Qty Unit,Qty,Alt Qty Unit Code,Alt Qty Unit,Alt Qty,Netweight (kg),Gross weight (kg),Trade Value (US$),CIF Trade Value (US$),FOB Trade Value (US$),Flag
H5,2021,2021,2021,0,0,1,Import,31,Azerbaijan,AZE,0,World,WLD,,,,,,,,TOTAL,All Commodities,1,No Quantity,0,,,,,,11698496223,,,4
H5,2021,2021,2021,0,0,2,Export,31,Azerbaijan,AZE,0,World,WLD,,,,,,,,TOTAL,All Commodities,1,No Quantity,0,,,,0,,22206671115,,,4
H5,2021,2021,2021,0,0,4,Re-Import,31,Azerbaijan,AZE,0,World,WLD,,,,,,,,TOTAL,All Commodities,1,No Quantity,0,,,,0,,4140697,,,0
H5,2021,2021,2021,0,0,1,Import,36,Australia,AUS,0,World,WLD,,,,,,,,TOTAL,All Commodities,1,No Quantity,0,,,,,,261586379464,,,4
H5,2021,2021,2021,0,0,2,Export,36,Australia,AUS,0,World,WLD,,,,,,,,TOTAL,All Commodities,1,No Quantity,0,,,,0,,342036103269,,,4
H5,2021,2021,2021,0,0,4,Re-Import,36,Australia,AUS,0,World,WLD,,,,,,,,TOTAL,All Commodities,1,No Quantity,0,,,,0,,602368528,,,4
H5,2021,2021,2021,0,0,1,Import,40,Austria,AUT,0,World,WLD,,,,,,,,TOTAL,All Commodities,1,No Quantity,0,,,,0,,218972302461,,,4
H5,2021,2021,2021,0,0,2,Export,40,Austria,AUT,0,World,WLD,,,,,,,,TOTAL,All Commodities,1,No Quantity,0,,,,0,,201647281767,,,4
H5,2021,2021,2021,0,0,1,Import,51,Armenia,ARM,0,World,WLD,,,,,,,,TOTAL,All Commodities,1,No Quantity,0,,,,0,,5319419946,,,4
H5,2021,2021,2021,0,0,2,Export,51,Armenia,ARM,0,World,WLD,,,,,,,,TOTAL,All Commodities,1,No Quantity,0,,,,0,,2971221865,,,4
H5,2021,2021,2021,0,0,3,Re-Export,51,Armenia,ARM,0,World,WLD,,,,,,,,TOTAL,All Commodities,1,No Quantity,0,,,,0,,185191842,,,4
H5,2021,2021,2021,0,0,4,Re-Import,51,Armenia,ARM,0,World,WLD,,,,,,,,TOTAL,All Commodities,1,No Quantity,0,,,,0,,3461578,,,4
H5,2021,2021,2021,0,0,1,Import,52,Barbados,BRB,0,World,WLD,,,,,,,,TOTAL,All Commodities,1,No Quantity,0,,,,0,,1673255487,,,4
H5,2021,2021,2021,0,0,2,Export,52,Barbados,BRB,0,World,WLD,,,,,,,,TOTAL,All Commodities,1,No Quantity,0,,,,0,,350172911,,,4
H5,2021,2021,2021,0,0,3,Re-Export,52,Barbados,BRB,0,World,WLD,,,,,,,,TOTAL,All Commodities,1,No Quantity,0,,,,0,,126652396,,,4
H5,2021,2021,2021,0,0,4,Re-Import,52,Barbados,BRB,0,World,WLD,,,,,,,,TOTAL,All Commodities,1,No Quantity,0,,,,0,,221112,,,4
H5,2021,2021,2021,0,0,1,Import,56,Belgium,BEL,0,World,WLD,,,,,,,,TOTAL,All Commodities,1,No Quantity,0,,,,0,,344684643196,,,4
H5,2021,2021,2021,0,0,2,Export,56,Belgium,BEL,0,World,WLD,,,,,,,,TOTAL,All Commodities,1,No Quantity,0,,,,0,,336468392415,,,4
H5,2021,2021,2021,0,0,1,Import,68,Bolivia (Plurinational State of),BOL,0,World,WLD,,,,,,,,TOTAL,All Commodities,1,No Quantity,0,,,,,,9618073964,,,4
H5,2021,2021,2021,0,0,2,Export,68,Bolivia (Plurinational State of),BOL,0,World,WLD,,,,,,,,TOTAL,All Commodities,1,No Quantity,0,,,,,,11079788840,,,4
H5,2021,2021,2021,0,0,3,Re-Export,68,Bolivia (Plurinational State of),BOL,0,World,WLD,,,,,,,,TOTAL,All Commodities,1,No Quantity,0,,,,,,92922970,,,4
H5,2021,2021,2021,0,0,1,Import,76,Brazil,BRA,0,World,WLD,,,,,,,,TOTAL,All Commodities,1,No Quantity,0,,,,,,234690442199,,,4
H5,2021,2021,2021,0,0,2,Export,76,Brazil,BRA,0,World,WLD,,,,,,,,TOTAL,All Commodities,1,No Quantity,0,,,,0,,280814577460,,,4
H5,2021,2021,2021,0,0,4,Re-Import,76,Brazil,BRA,0,World,WLD,,,,,,,,TOTAL,All Commodities,1,No Quantity,0,,,,0,,348970173,,,4
H5,2021,2021,2021,0,0,1,Import,84,Belize,BLZ,0,World,WLD,,,,,,,,TOTAL,All Commodities,1,No Quantity,0,,,,0,,1060471486,,,4
H5,2021,2021,2021,0,0,2,Export,84,Belize,BLZ,0,World,WLD,,,,,,,,TOTAL,All Commodities,1,No Quantity,0,,,,0,,264092675,,,4
H5,2021,2021,2021,0,0,3,Re-Export,84,Belize,BLZ,0,World,WLD,,,,,,,,TOTAL,All Commodities,1,No Quantity,0,,,,0,,45107670,,,4
H5,2021,2021,2021,0,0,1,Import,104,Myanmar,MMR,0,World,WLD,,,,,,,,TOTAL,All Commodities,1,No Quantity,0,,,,,,14322070736,,,0
H5,2021,2021,2021,0,0,2,Export,104,Myanmar,MMR,0,World,WLD,,,,,,,,TOTAL,All Commodities,1,No Quantity,0,,,,,,15144859129,,,0
H5,2021,2021,2021,0,0,3,Re-Export,104,Myanmar,MMR,0,World,WLD,,,,,,,,TOTAL,All Commodities,1,No Quantity,0,,,,0,,104138342,,,4
H5,2021,2021,2021,0,0,1,Import,112,Belarus,BLR,0,World,WLD,,,,,,,,TOTAL,All Commodities,1,No Quantity,0,,,,,,41810690400,,,4
H5,2021,2021,2021,0,0,2,Export,112,Belarus,BLR,0,World,WLD,,,,,,,,TOTAL,All Commodities,1,No Quantity,0,,,,0,,39889022800,,,4
H5,2021,2021,2021,0,0,1,Import,124,Canada,CAN,0,World,WLD,,,,,,,,TOTAL,All Commodities,1,No Quantity,0,,,,,,489489960747,,,0
H5,2021,2021,2021,0,0,2,Export,124,Canada,CAN,0,World,WLD,,,,,,,,TOTAL,All Commodities,1,No Quantity,0,,,,0,,501200640360,,,4
H5,2021,2021,2021,0,0,3,Re-Export,124,Canada,CAN,0,World,WLD,,,,,,,,TOTAL,All Commodities,1,No Quantity,0,,,,,,39258437534,,,0
H5,2021,2021,2021,0,0,4,Re-Import,124,Canada,CAN,0,World,WLD,,,,,,,,TOTAL,All Commodities,1,No Quantity,0,,,,,,3728381621,,,0
H5,2021,2021,2021,0,0,1,Import,144,Sri Lanka,LKA,0,World,WLD,,,,,,,,TOTAL,All Commodities,1,No Quantity,0,,,,0,,21501894170,,,4
H5,2021,2021,2021,0,0,2,Export,144,Sri Lanka,LKA,0,World,WLD,,,,,,,,TOTAL,All Commodities,1,No Quantity,0,,,,,,13331248583,,,4
H5,2021,2021,2021,0,0,3,Re-Export,144,Sri Lanka,LKA,0,World,WLD,,,,,,,,TOTAL,All Commodities,1,No Quantity,0,,,,,,196428919,,,4
H5,2021,2021,2021,0,0,4,Re-Import,144,Sri Lanka,LKA,0,World,WLD,,,,,,,,TOTAL,All Commodities,1,No Quantity,0,,,,0,,0,,,0
H5,2021,2021,2021,0,0,1,Import,152,Chile,CHL,0,World,WLD,,,,,,,,TOTAL,All Commodities,1,No Quantity,0,,,,,,91837408382,,,4
H5,2021,2021,2021,0,0,2,Export,152,Chile,CHL,0,World,WLD,,,,,,,,TOTAL,All Commodities,1,No Quantity,0,,,,0,,94705004289,,,4
H5,2021,2021,2021,0,0,4,Re-Import,152,Chile,CHL,0,World,WLD,,,,,,,,TOTAL,All Commodities,1,No Quantity,0,,,,0,,29238680,,,4
H5,2021,2021,2021,0,0,1,Import,156,China,CHN,0,World,WLD,,,,,,,,TOTAL,All Commodities,1,No Quantity,0,,,,0,,2684362678517,,,4
H5,2021,2021,2021,0,0,2,Export,156,China,CHN,0,World,WLD,,,,,,,,TOTAL,All Commodities,1,No Quantity,0,,,,0,,3362301613439,,,4
H5,2021,2021,2021,0,0,4,Re-Import,156,China,CHN,0,World,WLD,,,,,,,,TOTAL,All Commodities,1,No Quantity,0,,,,0,,156820006224,,,4
H5,2021,2021,2021,0,0,1,Import,170,Colombia,COL,0,World,WLD,,,,,,,,TOTAL,All Commodities,1,No Quantity,0,,,,0,,61098589560,,,4
H5,2021,2021,2021,0,0,2,Export,170,Colombia,COL,0,World,WLD,,,,,,,,TOTAL,All Commodities,1,No Quantity,0,,,,0,,41389989047,,,4
H5,2021,2021,2021,0,0,1,Import,191,Croatia,HRV,0,World,WLD,,,,,,,,TOTAL,All Commodities,1,No Quantity,0,,,,0,,33646347578,,,4
H5,2021,2021,2021,0,0,2,Export,191,Croatia,HRV,0,World,WLD,,,,,,,,TOTAL,All Commodities,1,No Quantity,0,,,,0,,22674487403,,,4
H5,2021,2021,2021,0,0,1,Import,196,Cyprus,CYP,0,World,WLD,,,,,,,,TOTAL,All Commodities,1,No Quantity,0,,,,,,10088630320,,,4
H5,2021,2021,2021,0,0,2,Export,196,Cyprus,CYP,0,World,WLD,,,,,,,,TOTAL,All Commodities,1,No Quantity,0,,,,,,3886870798,,,4
H5,2021,2021,2021,0,0,3,Re-Export,196,Cyprus,CYP,0,World,WLD,,,,,,,,TOTAL,All Commodities,1,No Quantity,0,,,,,,2184202566,,,4
H5,2021,2021,2021,0,0,1,Import,203,Czechia,CZE,0,World,WLD,,,,,,,,TOTAL,All Commodities,1,No Quantity,0,,,,,,211839349422,,,0
H5,2021,2021,2021,0,0,2,Export,203,Czechia,CZE,0,World,WLD,,,,,,,,TOTAL,All Commodities,1,No Quantity,0,,,,,,227160991427,,,0
H5,2021,2021,2021,0,0,1,Import,204,Benin,BEN,0,World,WLD,,,,,,,,TOTAL,All Commodities,1,No Quantity,0,,,,0,,3186198038,,,4
H5,2021,2021,2021,0,0,2,Export,204,Benin,BEN,0,World,WLD,,,,,,,,TOTAL,All Commodities,1,No Quantity,0,,,,0,,1023522023,,,4
H5,2021,2021,2021,0,0,3,Re-Export,204,Benin,BEN,0,World,WLD,,,,,,,,TOTAL,All Commodities,1,No Quantity,0,,,,0,,145722781,,,4
H5,2021,2021,2021,0,0,1,Import,208,Denmark,DNK,0,World,WLD,,,,,,,,TOTAL,All Commodities,1,No Quantity,0,,,,0,,121628401412,,,4
H5,2021,2021,2021,0,0,2,Export,208,Denmark,DNK,0,World,WLD,,,,,,,,TOTAL,All Commodities,1,No Quantity,0,,,,0,,125200216279,,,4
H5,2021,2021,2021,0,0,1,Import,214,Dominican Rep.,DOM,0,World,WLD,,,,,,,,TOTAL,All Commodities,1,No Quantity,0,,,,,,24482223982,,,4
H5,2021,2021,2021,0,0,2,Export,214,Dominican Rep.,DOM,0,World,WLD,,,,,,,,TOTAL,All Commodities,1,No Quantity,0,,,,,,11725013719,,,4
H5,2021,2021,2021,0,0,3,Re-Export,214,Dominican Rep.,DOM,0,World,WLD,,,,,,,,TOTAL,All Commodities,1,No Quantity,0,,,,0,,46942288,,,4
H5,2021,2021,2021,0,0,4,Re-Import,214,Dominican Rep.,DOM,0,World,WLD,,,,,,,,TOTAL,All Commodities,1,No Quantity,0,,,,,,178092286,,,4
H5,2021,2021,2021,0,0,1,Import,218,Ecuador,ECU,0,World,WLD,,,,,,,,TOTAL,All Commodities,1,No Quantity,0,,,,,,25687187046,,,4
H5,2021,2021,2021,0,0,2,Export,218,Ecuador,ECU,0,World,WLD,,,,,,,,TOTAL,All Commodities,1,No Quantity,0,,,,0,,26699199844,,,4
H5,2021,2021,2021,0,0,1,Import,222,El Salvador,SLV,0,World,WLD,,,,,,,,TOTAL,All Commodities,1,No Quantity,0,,,,0,,15075919329,,,4
H5,2021,2021,2021,0,0,2,Export,222,El Salvador,SLV,0,World,WLD,,,,,,,,TOTAL,All Commodities,1,No Quantity,0,,,,0,,6628751435,,,4
H5,2021,2021,2021,0,0,4,Re-Import,222,El Salvador,SLV,0,World,WLD,,,,,,,,TOTAL,All Commodities,1,No Quantity,0,,,,0,,13355756,,,4
H5,2021,2021,2021,0,0,1,Import,233,Estonia,EST,0,World,WLD,,,,,,,,TOTAL,All Commodities,1,No Quantity,0,,,,,,24141188292,,,4
H5,2021,2021,2021,0,0,2,Export,233,Estonia,EST,0,World,WLD,,,,,,,,TOTAL,All Commodities,1,No Quantity,0,,,,,,22282692007,,,4
H5,2021,2021,2021,0,0,4,Re-Import,233,Estonia,EST,0,World,WLD,,,,,,,,TOTAL,All Commodities,1,No Quantity,0,,,,0,,94437508,,,4
H5,2021,2021,2021,0,0,1,Import,242,Fiji,FJI,0,World,WLD,,,,,,,,TOTAL,All Commodities,1,No Quantity,0,,,,0,,2115649940,,,4
H5,2021,2021,2021,0,0,2,Export,242,Fiji,FJI,0,World,WLD,,,,,,,,TOTAL,All Commodities,1,No Quantity,0,,,,,,815335653,,,4
H5,2021,2021,2021,0,0,3,Re-Export,242,Fiji,FJI,0,World,WLD,,,,,,,,TOTAL,All Commodities,1,No Quantity,0,,,,0,,274250280,,,4
H5,2021,2021,2021,0,0,4,Re-Import,242,Fiji,FJI,0,World,WLD,,,,,,,,TOTAL,All Commodities,1,No Quantity,0,,,,0,,437109,,,4
H5,2021,2021,2021,0,0,1,Import,246,Finland,FIN,0,World,WLD,,,,,,,,TOTAL,All Commodities,1,No Quantity,0,,,,,,85992875222,,,4
H5,2021,2021,2021,0,0,2,Export,246,Finland,FIN,0,World,WLD,,,,,,,,TOTAL,All Commodities,1,No Quantity,0,,,,,,81326553756,,,4
H5,2021,2021,2021,0,0,1,Import,251,France,FRA,0,World,WLD,,,,,,,,TOTAL,All Commodities,1,No Quantity,0,,,,0,,714842314539,,,4
H5,2021,2021,2021,0,0,2,Export,251,France,FRA,0,World,WLD,,,,,,,,TOTAL,All Commodities,1,No Quantity,0,,,,0,,585148036598,,,4
H5,2021,2021,2021,0,0,1,Import,268,Georgia,GEO,0,World,WLD,,,,,,,,TOTAL,All Commodities,1,No Quantity,0,,,,,,10104014714,,,4
H5,2021,2021,2021,0,0,2,Export,268,Georgia,GEO,0,World,WLD,,,,,,,,TOTAL,All Commodities,1,No Quantity,0,,,,,,4242323760,,,4
H5,2021,2021,2021,0,0,3,Re-Export,268,Georgia,GEO,0,World,WLD,,,,,,,,TOTAL,All Commodities,1,No Quantity,0,,,,0,,1115233668,,,4
H5,2021,2021,2021,0,0,4,Re-Import,268,Georgia,GEO,0,World,WLD,,,,,,,,TOTAL,All Commodities,1,No Quantity,0,,,,0,,6485709,,,4
H5,2021,2021,2021,0,0,1,Import,276,Germany,DEU,0,World,WLD,,,,,,,,TOTAL,All Commodities,1,No Quantity,0,,,,,,1422818962284,,,4
H5,2021,2021,2021,0,0,2,Export,276,Germany,DEU,0,World,WLD,,,,,,,,TOTAL,All Commodities,1,No Quantity,0,,,,,,1630917502926,,,4
H5,2021,2021,2021,0,0,1,Import,300,Greece,GRC,0,World,WLD,,,,,,,,TOTAL,All Commodities,1,No Quantity,0,,,,0,,74006313957,,,4
H5,2021,2021,2021,0,0,2,Export,300,Greece,GRC,0,World,WLD,,,,,,,,TOTAL,All Commodities,1,No Quantity,0,,,,,,46451612008,,,4
H5,2021,2021,2021,0,0,1,Import,320,Guatemala,GTM,0,World,WLD,,,,,,,,TOTAL,All Commodities,1,No Quantity,0,,,,0,,26593808327,,,4
H5,2021,2021,2021,0,0,2,Export,320,Guatemala,GTM,0,World,WLD,,,,,,,,TOTAL,All Commodities,1,No Quantity,0,,,,0,,13735599195,,,4
H5,2021,2021,2021,0,0,4,Re-Import,320,Guatemala,GTM,0,World,WLD,,,,,,,,TOTAL,All Commodities,1,No Quantity,0,,,,0,,957436,,,0
H5,2021,2021,2021,0,0,1,Import,328,Guyana,GUY,0,World,WLD,,,,,,,,TOTAL,All Commodities,1,No Quantity,0,,,,0,,4159750109,,,4
H5,2021,2021,2021,0,0,2,Export,328,Guyana,GUY,0,World,WLD,,,,,,,,TOTAL,All Commodities,1,No Quantity,0,,,,0,,4257250461,,,4
H5,2021,2021,2021,0,0,3,Re-Export,328,Guyana,GUY,0,World,WLD,,,,,,,,TOTAL,All Commodities,1,No Quantity,0,,,,0,,222164360,,,4
H5,2021,2021,2021,0,0,1,Import,344,"China, Hong Kong SAR",HKG,0,World,WLD,,,,,,,,TOTAL,All Commodities,1,No Quantity,0,,,,0,,713173047238,,,4
H5,2021,2021,2021,0,0,2,Export,344,"China, Hong Kong SAR",HKG,0,World,WLD,,,,,,,,TOTAL,All Commodities,1,No Quantity,0,,,,0,,670926079457,,,4
H5,2021,2021,2021,0,0,1,Import,348,Hungary,HUN,0,World,WLD,,,,,,,,TOTAL,All Commodities,1,No Quantity,0,,,,0,,138904663857,,,4
H5,2021,2021,2021,0,0,2,Export,348,Hungary,HUN,0,World,WLD,,,,,,,,TOTAL,All Commodities,1,No Quantity,0,,,,0,,141256735919,,,4
H5,2021,2021,2021,0,0,1,Import,352,Iceland,ISL,0,World,WLD,,,,,,,,TOTAL,All Commodities,1,No Quantity,0,,,,,,7838072416,,,4
H5,2021,2021,2021,0,0,2,Export,352,Iceland,ISL,0,World,WLD,,,,,,,,TOTAL,All Commodities,1,No Quantity,0,,,,,,5973742650,,,4
H5,2021,2021,2021,0,0,1,Import,376,Israel,ISR,0,World,WLD,,,,,,,,TOTAL,All Commodities,1,No Quantity,0,,,,,,92148236000,,,0
H5,2021,2021,2021,0,0,2,Export,376,Israel,ISR,0,World,WLD,,,,,,,,TOTAL,All Commodities,1,No Quantity,0,,,,,,60156814000,,,0
H5,2021,2021,2021,0,0,1,Import,381,Italy,ITA,0,World,WLD,,,,,,,,TOTAL,All Commodities,1,No Quantity,0,,,,0,,557227660477,,,4
H5,2021,2021,2021,0,0,2,Export,381,Italy,ITA,0,World,WLD,,,,,,,,TOTAL,All Commodities,1,No Quantity,0,,,,,,601662526918,,,4
H5,2021,2021,2021,0,0,3,Re-Export,381,Italy,ITA,0,World,WLD,,,,,,,,TOTAL,All Commodities,1,No Quantity,0,,,,0,,14769776849,,,4
H5,2021,2021,2021,0,0,4,Re-Import,381,Italy,ITA,0,World,WLD,,,,,,,,TOTAL,All Commodities,1,No Quantity,0,,,,0,,4408544945,,,4
H5,2021,2021,2021,0,0,1,Import,392,Japan,JPN,0,World,WLD,,,,,,,,TOTAL,All Commodities,1,No Quantity,0,,,,0,,772276197103,,,4
H5,2021,2021,2021,0,0,2,Export,392,Japan,JPN,0,World,WLD,,,,,,,,TOTAL,All Commodities,1,No Quantity,0,,,,0,,757066261248,,,4
H5,2021,2021,2021,0,0,1,Import,404,Kenya,KEN,0,World,WLD,,,,,,,,TOTAL,All Commodities,1,No Quantity,0,,,,,,19594117729,,,4
H5,2021,2021,2021,0,0,2,Export,404,Kenya,KEN,0,World,WLD,,,,,,,,TOTAL,All Commodities,1,No Quantity,0,,,,,,6751366221,,,4
H5,2021,2021,2021,0,0,3,Re-Export,404,Kenya,KEN,0,World,WLD,,,,,,,,TOTAL,All Commodities,1,No Quantity,0,,,,0,,701695894,,,4
H5,2021,2021,2021,0,0,1,Import,417,Kyrgyzstan,KGZ,0,World,WLD,,,,,,,,TOTAL,All Commodities,1,No Quantity,0,,,,,,5447793722,,,4
H5,2021,2021,2021,0,0,2,Export,417,Kyrgyzstan,KGZ,0,World,WLD,,,,,,,,TOTAL,All Commodities,1,No Quantity,0,,,,,,1688227965,,,4
H5,2021,2021,2021,0,0,3,Re-Export,417,Kyrgyzstan,KGZ,0,World,WLD,,,,,,,,TOTAL,All Commodities,1,No Quantity,0,,,,0,,8714232,,,4
H5,2021,2021,2021,0,0,1,Import,422,Lebanon,LBN,0,World,WLD,,,,,,,,TOTAL,All Commodities,1,No Quantity,0,,,,0,,13856703728,,,4
H5,2021,2021,2021,0,0,2,Export,422,Lebanon,LBN,0,World,WLD,,,,,,,,TOTAL,All Commodities,1,No Quantity,0,,,,0,,4229976738,,,4
H5,2021,2021,2021,0,0,3,Re-Export,422,Lebanon,LBN,0,World,WLD,,,,,,,,TOTAL,All Commodities,1,No Quantity,0,,,,0,,343541107,,,4
H5,2021,2021,2021,0,0,4,Re-Import,422,Lebanon,LBN,0,World,WLD,,,,,,,,TOTAL,All Commodities,1,No Quantity,0,,,,0,,4999418,,,4
H5,2021,2021,2021,0,0,1,Import,428,Latvia,LVA,0,World,WLD,,,,,,,,TOTAL,All Commodities,1,No Quantity,0,,,,,,23086430639,,,0
H5,2021,2021,2021,0,0,2,Export,428,Latvia,LVA,0,World,WLD,,,,,,,,TOTAL,All Commodities,1,No Quantity,0,,,,0,,19451380812,,,4
H5,2021,2021,2021,0,0,1,Import,440,Lithuania,LTU,0,World,WLD,,,,,,,,TOTAL,All Commodities,1,No Quantity,0,,,,0,,44549993317,,,4
H5,2021,2021,2021,0,0,2,Export,440,Lithuania,LTU,0,World,WLD,,,,,,,,TOTAL,All Commodities,1,No Quantity,0,,,,0,,40813701239,,,4
H5,2021,2021,2021,0,0,1,Import,442,Luxembourg,LUX,0,World,WLD,,,,,,,,TOTAL,All Commodities,1,No Quantity,0,,,,0,,25537148234,,,4
H5,2021,2021,2021,0,0,2,Export,442,Luxembourg,LUX,0,World,WLD,,,,,,,,TOTAL,All Commodities,1,No Quantity,0,,,,0,,16247126542,,,4
H5,2021,2021,2021,0,0,3,Re-Export,442,Luxembourg,LUX,0,World,WLD,,,,,,,,TOTAL,All Commodities,1,No Quantity,0,,,,0,,55602173,,,4
H5,2021,2021,2021,0,0,4,Re-Import,442,Luxembourg,LUX,0,World,WLD,,,,,,,,TOTAL,All Commodities,1,No Quantity,0,,,,,,494019073,,,4
H5,2021,2021,2021,0,0,1,Import,446,"China, Macao SAR",MAC,0,World,WLD,,,,,,,,TOTAL,All Commodities,1,No Quantity,0,,,,0,,19346654858,,,4
H5,2021,2021,2021,0,0,2,Export,446,"China, Macao SAR",MAC,0,World,WLD,,,,,,,,TOTAL,All Commodities,1,No Quantity,0,,,,0,,1392424900,,,4
H5,2021,2021,2021,0,0,3,Re-Export,446,"China, Macao SAR",MAC,0,World,WLD,,,,,,,,TOTAL,All Commodities,1,No Quantity,0,,,,0,,1278416035,,,4
H5,2021,2021,2021,0,0,4,Re-Import,446,"China, Macao SAR",MAC,0,World,WLD,,,,,,,,TOTAL,All Commodities,1,No Quantity,0,,,,0,,129690,,,0
H5,2021,2021,2021,0,0,1,Import,458,Malaysia,MYS,0,World,WLD,,,,,,,,TOTAL,All Commodities,1,No Quantity,0,,,,,,238249762706,,,4
H5,2021,2021,2021,0,0,2,Export,458,Malaysia,MYS,0,World,WLD,,,,,,,,TOTAL,All Commodities,1,No Quantity,0,,,,,,299230434394,,,4
H5,2021,2021,2021,0,0,4,Re-Import,458,Malaysia,MYS,0,World,WLD,,,,,,,,TOTAL,All Commodities,1,No Quantity,0,,,,0,,78696166,,,4
H5,2021,2021,2021,0,0,1,Import,462,Maldives,MDV,0,World,WLD,,,,,,,,TOTAL,All Commodities,1,No Quantity,0,,,,,,2573550735,,,4
H5,2021,2021,2021,0,0,2,Export,462,Maldives,MDV,0,World,WLD,,,,,,,,TOTAL,All Commodities,1,No Quantity,0,,,,,,151293266,,,4
H5,2021,2021,2021,0,0,1,Import,480,Mauritius,MUS,0,World,WLD,,,,,,,,TOTAL,All Commodities,1,No Quantity,0,,,,0,,5147263213,,,4
H5,2021,2021,2021,0,0,2,Export,480,Mauritius,MUS,0,World,WLD,,,,,,,,TOTAL,All Commodities,1,No Quantity,0,,,,,,1671760288,,,4
H5,2021,2021,2021,0,0,3,Re-Export,480,Mauritius,MUS,0,World,WLD,,,,,,,,TOTAL,All Commodities,1,No Quantity,0,,,,,,420442035,,,4
H5,2021,2021,2021,0,0,1,Import,484,Mexico,MEX,0,World,WLD,,,,,,,,TOTAL,All Commodities,1,No Quantity,0,,,,0,,506565459467,,,4
H5,2021,2021,2021,0,0,2,Export,484,Mexico,MEX,0,World,WLD,,,,,,,,TOTAL,All Commodities,1,No Quantity,0,,,,0,,494595503435,,,4
H5,2021,2021,2021,0,0,1,Import,490,"Other Asia, nes",,0,World,WLD,,,,,,,,TOTAL,All Commodities,1,No Quantity,0,,,,0,,382555002402,,,4
H5,2021,2021,2021,0,0,2,Export,490,"Other Asia, nes",,0,World,WLD,,,,,,,,TOTAL,All Commodities,1,No Quantity,0,,,,0,,447656546120,,,4
H5,2021,2021,2021,0,0,1,Import,498,Rep. of Moldova,MDA,0,World,WLD,,,,,,,,TOTAL,All Commodities,1,No Quantity,0,,,,,,7176839482,,,4
H5,2021,2021,2021,0,0,2,Export,498,Rep. of Moldova,MDA,0,World,WLD,,,,,,,,TOTAL,All Commodities,1,No Quantity,0,,,,0,,3144476429,,,4
H5,2021,2021,2021,0,0,3,Re-Export,498,Rep. of Moldova,MDA,0,World,WLD,,,,,,,,TOTAL,All Commodities,1,No Quantity,0,,,,0,,711164813,,,4
H5,2021,2021,2021,0,0,4,Re-Import,498,Rep. of Moldova,MDA,0,World,WLD,,,,,,,,TOTAL,All Commodities,1,No Quantity,0,,,,0,,8951371,,,4
H5,2021,2021,2021,0,0,1,Import,499,Montenegro,MNE,0,World,WLD,,,,,,,,TOTAL,All Commodities,1,No Quantity,0,,,,,,2945526101,,,4
H5,2021,2021,2021,0,0,2,Export,499,Montenegro,MNE,0,World,WLD,,,,,,,,TOTAL,All Commodities,1,No Quantity,0,,,,,,515916303,,,4
H5,2021,2021,2021,0,0,4,Re-Import,499,Montenegro,MNE,0,World,WLD,,,,,,,,TOTAL,All Commodities,1,No Quantity,0,,,,0,,3621757,,,0
H5,2021,2021,2021,0,0,1,Import,528,Netherlands,NLD,0,World,WLD,,,,,,,,TOTAL,All Commodities,1,No Quantity,0,,,,0,,620789796847,,,4
H5,2021,2021,2021,0,0,2,Export,528,Netherlands,NLD,0,World,WLD,,,,,,,,TOTAL,All Commodities,1,No Quantity,0,,,,0,,691826642026,,,4
H5,2021,2021,2021,0,0,1,Import,554,New Zealand,NZL,0,World,WLD,,,,,,,,TOTAL,All Commodities,1,No Quantity,0,,,,,,49426879823,,,4
H5,2021,2021,2021,0,0,2,Export,554,New Zealand,NZL,0,World,WLD,,,,,,,,TOTAL,All Commodities,1,No Quantity,0,,,,,,44768946428,,,4
H5,2021,2021,2021,0,0,3,Re-Export,554,New Zealand,NZL,0,World,WLD,,,,,,,,TOTAL,All Commodities,1,No Quantity,0,,,,,,1400989930,,,4
H5,2021,2021,2021,0,0,4,Re-Import,554,New Zealand,NZL,0,World,WLD,,,,,,,,TOTAL,All Commodities,1,No Quantity,0,,,,0,,123564265,,,4
H5,2021,2021,2021,0,0,1,Import,558,Nicaragua,NIC,0,World,WLD,,,,,,,,TOTAL,All Commodities,1,No Quantity,0,,,,0,,9826379471,,,4
H5,2021,2021,2021,0,0,2,Export,558,Nicaragua,NIC,0,World,WLD,,,,,,,,TOTAL,All Commodities,1,No Quantity,0,,,,0,,6494984866,,,4
H5,2021,2021,2021,0,0,1,Import,586,Pakistan,PAK,0,World,WLD,,,,,,,,TOTAL,All Commodities,1,No Quantity,0,,,,,,72891644100,,,0
H5,2021,2021,2021,0,0,2,Export,586,Pakistan,PAK,0,World,WLD,,,,,,,,TOTAL,All Commodities,1,No Quantity,0,,,,,,28795179085,,,0
H5,2021,2021,2021,0,0,3,Re-Export,586,Pakistan,PAK,0,World,WLD,,,,,,,,TOTAL,All Commodities,1,No Quantity,0,,,,,,404875060,,,0
H5,2021,2021,2021,0,0,4,Re-Import,586,Pakistan,PAK,0,World,WLD,,,,,,,,TOTAL,All Commodities,1,No Quantity,0,,,,,,79665899,,,0
H5,2021,2021,2021,0,0,1,Import,600,Paraguay,PRY,0,World,WLD,,,,,,,,TOTAL,All Commodities,1,No Quantity,0,,,,,,13559726270,,,4
H5,2021,2021,2021,0,0,2,Export,600,Paraguay,PRY,0,World,WLD,,,,,,,,TOTAL,All Commodities,1,No Quantity,0,,,,0,,10547296491,,,4
H5,2021,2021,2021,0,0,1,Import,608,Philippines,PHL,0,World,WLD,,,,,,,,TOTAL,All Commodities,1,No Quantity,0,,,,,,124390447217,,,4
H5,2021,2021,2021,0,0,2,Export,608,Philippines,PHL,0,World,WLD,,,,,,,,TOTAL,All Commodities,1,No Quantity,0,,,,,,74619528755,,,4
H5,2021,2021,2021,0,0,1,Import,616,Poland,POL,0,World,WLD,,,,,,,,TOTAL,All Commodities,1,No Quantity,0,,,,0,,335451322206,,,4
H5,2021,2021,2021,0,0,2,Export,616,Poland,POL,0,World,WLD,,,,,,,,TOTAL,All Commodities,1,No Quantity,0,,,,0,,317832124942,,,4
H5,2021,2021,2021,0,0,1,Import,620,Portugal,PRT,0,World,WLD,,,,,,,,TOTAL,All Commodities,1,No Quantity,0,,,,,,97845622143,,,0
H5,2021,2021,2021,0,0,2,Export,620,Portugal,PRT,0,World,WLD,,,,,,,,TOTAL,All Commodities,1,No Quantity,0,,,,,,75162699771,,,0
H5,2021,2021,2021,0,0,1,Import,642,Romania,ROU,0,World,WLD,,,,,,,,TOTAL,All Commodities,1,No Quantity,0,,,,,,116401944588,,,4
H5,2021,2021,2021,0,0,2,Export,642,Romania,ROU,0,World,WLD,,,,,,,,TOTAL,All Commodities,1,No Quantity,0,,,,,,88389728970,,,4
H5,2021,2021,2021,0,0,1,Import,686,Senegal,SEN,0,World,WLD,,,,,,,,TOTAL,All Commodities,1,No Quantity,0,,,,0,,9699022129,,,4
H5,2021,2021,2021,0,0,2,Export,686,Senegal,SEN,0,World,WLD,,,,,,,,TOTAL,All Commodities,1,No Quantity,0,,,,0,,5202221589,,,4
H5,2021,2021,2021,0,0,1,Import,688,Serbia,SRB,0,World,WLD,,,,,,,,TOTAL,All Commodities,1,No Quantity,0,,,,,,33791354507,,,4
H5,2021,2021,2021,0,0,2,Export,688,Serbia,SRB,0,World,WLD,,,,,,,,TOTAL,All Commodities,1,No Quantity,0,,,,,,25563527047,,,4
H5,2021,2021,2021,0,0,1,Import,699,India,IND,0,World,WLD,,,,,,,,TOTAL,All Commodities,1,No Quantity,0,,,,0,,570402004491,,,4
H5,2021,2021,2021,0,0,2,Export,699,India,IND,0,World,WLD,,,,,,,,TOTAL,All Commodities,1,No Quantity,0,,,,0,,394813673347,,,4
H5,2021,2021,2021,0,0,1,Import,703,Slovakia,SVK,0,World,WLD,,,,,,,,TOTAL,All Commodities,1,No Quantity,0,,,,,,104682098342,,,4
H5,2021,2021,2021,0,0,2,Export,703,Slovakia,SVK,0,World,WLD,,,,,,,,TOTAL,All Commodities,1,No Quantity,0,,,,,,104360088467,,,4
H5,2021,2021,2021,0,0,4,Re-Import,703,Slovakia,SVK,0,World,WLD,,,,,,,,TOTAL,All Commodities,1,No Quantity,0,,,,0,,1050705634,,,4
H5,2021,2021,2021,0,0,1,Import,705,Slovenia,SVN,0,World,WLD,,,,,,,,TOTAL,All Commodities,1,No Quantity,0,,,,,,49607331903,,,4
H5,2021,2021,2021,0,0,2,Export,705,Slovenia,SVN,0,World,WLD,,,,,,,,TOTAL,All Commodities,1,No Quantity,0,,,,,,46773357359,,,4
H5,2021,2021,2021,0,0,4,Re-Import,705,Slovenia,SVN,0,World,WLD,,,,,,,,TOTAL,All Commodities,1,No Quantity,0,,,,0,,146032114,,,0
H5,2021,2021,2021,0,0,1,Import,724,Spain,ESP,0,World,WLD,,,,,,,,TOTAL,All Commodities,1,No Quantity,0,,,,,,426059816727,,,4
H5,2021,2021,2021,0,0,2,Export,724,Spain,ESP,0,World,WLD,,,,,,,,TOTAL,All Commodities,1,No Quantity,0,,,,0,,391558519476,,,4
H5,2021,2021,2021,0,0,3,Re-Export,724,Spain,ESP,0,World,WLD,,,,,,,,TOTAL,All Commodities,1,No Quantity,0,,,,0,,6488870567,,,4
H5,2021,2021,2021,0,0,4,Re-Import,724,Spain,ESP,0,World,WLD,,,,,,,,TOTAL,All Commodities,1,No Quantity,0,,,,,,1951518611,,,4
H5,2021,2021,2021,0,0,1,Import,752,Sweden,SWE,0,World,WLD,,,,,,,,TOTAL,All Commodities,1,No Quantity,0,,,,,,187120269901,,,0
H5,2021,2021,2021,0,0,2,Export,752,Sweden,SWE,0,World,WLD,,,,,,,,TOTAL,All Commodities,1,No Quantity,0,,,,,,189842156786,,,0
H5,2021,2021,2021,0,0,1,Import,757,Switzerland,CHE,0,World,WLD,,,,,,,,TOTAL,All Commodities,1,No Quantity,0,,,,,,321933721971,,,4
H5,2021,2021,2021,0,0,2,Export,757,Switzerland,CHE,0,World,WLD,,,,,,,,TOTAL,All Commodities,1,No Quantity,0,,,,,,379457205685,,,4
H5,2021,2021,2021,0,0,4,Re-Import,757,Switzerland,CHE,0,World,WLD,,,,,,,,TOTAL,All Commodities,1,No Quantity,0,,,,,,11022289326,,,4
H5,2021,2021,2021,0,0,1,Import,792,Turkey,TUR,0,World,WLD,,,,,,,,TOTAL,All Commodities,1,No Quantity,0,,,,,,271423299895,,,4
H5,2021,2021,2021,0,0,2,Export,792,Turkey,TUR,0,World,WLD,,,,,,,,TOTAL,All Commodities,1,No Quantity,0,,,,,,225221981583,,,4
H5,2021,2021,2021,0,0,1,Import,804,Ukraine,UKR,0,World,WLD,,,,,,,,TOTAL,All Commodities,1,No Quantity,0,,,,0,,69962816304,,,4
H5,2021,2021,2021,0,0,2,Export,804,Ukraine,UKR,0,World,WLD,,,,,,,,TOTAL,All Commodities,1,No Quantity,0,,,,,,65870275510,,,4
H5,2021,2021,2021,0,0,1,Import,826,United Kingdom,GBR,0,World,WLD,,,,,,,,TOTAL,All Commodities,1,No Quantity,0,,,,,,688251482041,,,0
H5,2021,2021,2021,0,0,2,Export,826,United Kingdom,GBR,0,World,WLD,,,,,,,,TOTAL,All Commodities,1,No Quantity,0,,,,0,,467783164267,,,4
H5,2021,2021,2021,0,0,3,Re-Export,826,United Kingdom,GBR,0,World,WLD,,,,,,,,TOTAL,All Commodities,1,No Quantity,0,,,,0,,21320393294,,,4
H5,2021,2021,2021,0,0,4,Re-Import,826,United Kingdom,GBR,0,World,WLD,,,,,,,,TOTAL,All Commodities,1,No Quantity,0,,,,0,,4346220498,,,4
H5,2021,2021,2021,0,0,1,Import,834,United Rep. of Tanzania,TZA,0,World,WLD,,,,,,,,TOTAL,All Commodities,1,No Quantity,0,,,,0,,10873264133,,,4
H5,2021,2021,2021,0,0,2,Export,834,United Rep. of Tanzania,TZA,0,World,WLD,,,,,,,,TOTAL,All Commodities,1,No Quantity,0,,,,0,,6390862886,,,4
H5,2021,2021,2021,0,0,3,Re-Export,834,United Rep. of Tanzania,TZA,0,World,WLD,,,,,,,,TOTAL,All Commodities,1,No Quantity,0,,,,0,,90196599,,,0
H5,2021,2021,2021,0,0,4,Re-Import,834,United Rep. of Tanzania,TZA,0,World,WLD,,,,,,,,TOTAL,All Commodities,1,No Quantity,0,,,,0,,39386552,,,4
H5,2021,2021,2021,0,0,1,Import,842,USA,USA,0,World,WLD,,,,,,,,TOTAL,All Commodities,1,No Quantity,0,,,,0,,2932976075226,,,4
H5,2021,2021,2021,0,0,2,Export,842,USA,USA,0,World,WLD,,,,,,,,TOTAL,All Commodities,1,No Quantity,0,,,,0,,1753136708106,,,4
H5,2021,2021,2021,0,0,3,Re-Export,842,USA,USA,0,World,WLD,,,,,,,,TOTAL,All Commodities,1,No Quantity,0,,,,0,,274537690132,,,4
H5,2021,2021,2021,0,0,1,Import,854,Burkina Faso,BFA,0,World,WLD,,,,,,,,TOTAL,All Commodities,1,No Quantity,0,,,,,,4709930446,,,4
H5,2021,2021,2021,0,0,2,Export,854,Burkina Faso,BFA,0,World,WLD,,,,,,,,TOTAL,All Commodities,1,No Quantity,0,,,,0,,5060027958,,,4
H5,2021,2021,2021,0,0,1,Import,860,Uzbekistan,UZB,0,World,WLD,,,,,,,,TOTAL,All Commodities,1,No Quantity,0,,,,,,23885922503,,,4
H5,2021,2021,2021,0,0,2,Export,860,Uzbekistan,UZB,0,World,WLD,,,,,,,,TOTAL,All Commodities,1,No Quantity,0,,,,,,14092247992,,,4
H5,2021,2021,2021,0,0,3,Re-Export,860,Uzbekistan,UZB,0,World,WLD,,,,,,,,TOTAL,All Commodities,1,No Quantity,0,,,,,,297483318,,,4
H5,2021,2021,2021,0,0,4,Re-Import,860,Uzbekistan,UZB,0,World,WLD,,,,,,,,TOTAL,All Commodities,1,No Quantity,0,,,,,,14276214,,,4
H5,2021,2021,2021,0,0,1,Import,882,Samoa,WSM,0,World,WLD,,,,,,,,TOTAL,All Commodities,1,No Quantity,0,,,,,,368240215,,,4
H5,2021,2021,2021,0,0,2,Export,882,Samoa,WSM,0,World,WLD,,,,,,,,TOTAL,All Commodities,1,No Quantity,0,,,,,,28836585,,,4
H4,2021,2021,2021,0,0,1,Import,308,Grenada,GRD,0,World,WLD,,,,,,,,TOTAL,All Commodities,1,No Quantity,0,,,,0,,446676290,,,4
H4,2021,2021,2021,0,0,2,Export,308,Grenada,GRD,0,World,WLD,,,,,,,,TOTAL,All Commodities,1,No Quantity,0,,,,0,,35163394,,,4
H4,2021,2021,2021,0,0,3,Re-Export,308,Grenada,GRD,0,World,WLD,,,,,,,,TOTAL,All Commodities,1,No Quantity,0,,,,0,,2344717,,,0
H4,2021,2021,2021,0,0,1,Import,533,Aruba,ABW,0,World,WLD,,,,,,,,TOTAL,All Commodities,1,No Quantity,0,,,,0,,1169773934,,,4
H4,2021,2021,2021,0,0,2,Export,533,Aruba,ABW,0,World,WLD,,,,,,,,TOTAL,All Commodities,1,No Quantity,0,,,,0,,88347007,,,4
H4,2021,2021,2021,0,0,1,Import,818,Egypt,EGY,0,World,WLD,,,,,,,,TOTAL,All Commodities,1,No Quantity,0,,,,,,73781228867,,,4
H4,2021,2021,2021,0,0,2,Export,818,Egypt,EGY,0,World,WLD,,,,,,,,TOTAL,All Commodities,1,No Quantity,0,,,,,,40701703944,,,4
H3,2021,2021,2021,0,0,1,Import,670,Saint Vincent and the Grenadines,VCT,0,World,WLD,,,,,,,,TOTAL,All Commodities,1,No Quantity,0,,,,,,372496089,,,4
H3,2021,2021,2021,0,0,2,Export,670,Saint Vincent and the Grenadines,VCT,0,World,WLD,,,,,,,,TOTAL,All Commodities,1,No Quantity,0,,,,0,,34719205,,,4
H3,2021,2021,2021,0,0,3,Re-Export,670,Saint Vincent and the Grenadines,VCT,0,World,WLD,,,,,,,,TOTAL,All Commodities,1,No Quantity,0,,,,0,,4666206,,,4
H3,2021,2021,2021,0,0,1,Import,678,Sao Tome and Principe,STP,0,World,WLD,,,,,,,,TOTAL,All Commodities,1,No Quantity,0,,,,0,,166275006,,,4
H3,2021,2021,2021,0,0,2,Export,678,Sao Tome and Principe,STP,0,World,WLD,,,,,,,,TOTAL,All Commodities,1,No Quantity,0,,,,0,,19174845,,,4
