DATAFLOW,LAST UPDATE,freq,tonnage,vessel,unit,rep_mar,TIME_PERIOD,OBS_VALUE,OBS_FLAG
ESTAT:MAR_TF_QM$DEFAULTVIEW(1.0),25/05/22 23:00:00,Q,TOTAL,ODC_CNT,NR,BE,2020-Q1,1306,
ESTAT:MAR_TF_QM$DEFAULTVIEW(1.0),25/05/22 23:00:00,Q,TOTAL,ODC_CNT,NR,BE,2020-Q2,1338,
ESTAT:MAR_TF_QM$DEFAULTVIEW(1.0),25/05/22 23:00:00,Q,TOTAL,ODC_CNT,NR,BE,2020-Q3,1394,
ESTAT:MAR_TF_QM$DEFAULTVIEW(1.0),25/05/22 23:00:00,Q,TOTAL,ODC_CNT,NR,BE,2020-Q4,1316,
ESTAT:MAR_TF_QM$DEFAULTVIEW(1.0),25/05/22 23:00:00,Q,TOTAL,ODC_CNT,NR,BE_0BEANR,2020-Q1,1145,
ESTAT:MAR_TF_QM$DEFAULTVIEW(1.0),25/05/22 23:00:00,Q,TOTAL,ODC_CNT,NR,BE_0BEANR,2020-Q2,1185,
ESTAT:MAR_TF_QM$DEFAULTVIEW(1.0),25/05/22 23:00:00,Q,TOTAL,ODC_CNT,NR,BE_0BEANR,2020-Q3,1218,
ESTAT:MAR_TF_QM$DEFAULTVIEW(1.0),25/05/22 23:00:00,Q,TOTAL,ODC_CNT,NR,BE_0BEANR,2020-Q4,1151,
ESTAT:MAR_TF_QM$DEFAULTVIEW(1.0),25/05/22 23:00:00,Q,TOTAL,ODC_CNT,NR,BE_0BEGNE,2020-Q1,31,
ESTAT:MAR_TF_QM$DEFAULTVIEW(1.0),25/05/22 23:00:00,Q,TOTAL,ODC_CNT,NR,BE_0BEGNE,2020-Q2,25,
ESTAT:MAR_TF_QM$DEFAULTVIEW(1.0),25/05/22 23:00:00,Q,TOTAL,ODC_CNT,NR,BE_0BEGNE,2020-Q3,27,
ESTAT:MAR_TF_QM$DEFAULTVIEW(1.0),25/05/22 23:00:00,Q,TOTAL,ODC_CNT,NR,BE_0BEGNE,2020-Q4,29,
ESTAT:MAR_TF_QM$DEFAULTVIEW(1.0),25/05/22 23:00:00,Q,TOTAL,ODC_CNT,NR,BE_0BEZEE,2020-Q1,130,
ESTAT:MAR_TF_QM$DEFAULTVIEW(1.0),25/05/22 23:00:00,Q,TOTAL,ODC_CNT,NR,BE_0BEZEE,2020-Q2,128,
ESTAT:MAR_TF_QM$DEFAULTVIEW(1.0),25/05/22 23:00:00,Q,TOTAL,ODC_CNT,NR,BE_0BEZEE,2020-Q3,149,
ESTAT:MAR_TF_QM$DEFAULTVIEW(1.0),25/05/22 23:00:00,Q,TOTAL,ODC_CNT,NR,BE_0BEZEE,2020-Q4,136,
ESTAT:MAR_TF_QM$DEFAULTVIEW(1.0),25/05/22 23:00:00,Q,TOTAL,ODC_CNT,NR,BG,2020-Q1,88,
ESTAT:MAR_TF_QM$DEFAULTVIEW(1.0),25/05/22 23:00:00,Q,TOTAL,ODC_CNT,NR,BG,2020-Q2,92,
ESTAT:MAR_TF_QM$DEFAULTVIEW(1.0),25/05/22 23:00:00,Q,TOTAL,ODC_CNT,NR,BG,2020-Q3,91,
ESTAT:MAR_TF_QM$DEFAULTVIEW(1.0),25/05/22 23:00:00,Q,TOTAL,ODC_CNT,NR,BG,2020-Q4,90,
ESTAT:MAR_TF_QM$DEFAULTVIEW(1.0),25/05/22 23:00:00,Q,TOTAL,ODC_CNT,NR,BG_0BGBOJ,2020-Q1,53,
ESTAT:MAR_TF_QM$DEFAULTVIEW(1.0),25/05/22 23:00:00,Q,TOTAL,ODC_CNT,NR,BG_0BGBOJ,2020-Q2,51,
ESTAT:MAR_TF_QM$DEFAULTVIEW(1.0),25/05/22 23:00:00,Q,TOTAL,ODC_CNT,NR,BG_0BGBOJ,2020-Q3,52,
ESTAT:MAR_TF_QM$DEFAULTVIEW(1.0),25/05/22 23:00:00,Q,TOTAL,ODC_CNT,NR,BG_0BGBOJ,2020-Q4,52,
ESTAT:MAR_TF_QM$DEFAULTVIEW(1.0),25/05/22 23:00:00,Q,TOTAL,ODC_CNT,NR,BG_0BGVAR,2020-Q1,35,
ESTAT:MAR_TF_QM$DEFAULTVIEW(1.0),25/05/22 23:00:00,Q,TOTAL,ODC_CNT,NR,BG_0BGVAR,2020-Q2,41,
ESTAT:MAR_TF_QM$DEFAULTVIEW(1.0),25/05/22 23:00:00,Q,TOTAL,ODC_CNT,NR,BG_0BGVAR,2020-Q3,39,
ESTAT:MAR_TF_QM$DEFAULTVIEW(1.0),25/05/22 23:00:00,Q,TOTAL,ODC_CNT,NR,BG_0BGVAR,2020-Q4,38,
ESTAT:MAR_TF_QM$DEFAULTVIEW(1.0),25/05/22 23:00:00,Q,TOTAL,ODC_CNT,NR,CY,2020-Q1,157,
ESTAT:MAR_TF_QM$DEFAULTVIEW(1.0),25/05/22 23:00:00,Q,TOTAL,ODC_CNT,NR,CY,2020-Q2,163,
ESTAT:MAR_TF_QM$DEFAULTVIEW(1.0),25/05/22 23:00:00,Q,TOTAL,ODC_CNT,NR,CY,2020-Q3,166,
ESTAT:MAR_TF_QM$DEFAULTVIEW(1.0),25/05/22 23:00:00,Q,TOTAL,ODC_CNT,NR,CY,2020-Q4,164,
ESTAT:MAR_TF_QM$DEFAULTVIEW(1.0),25/05/22 23:00:00,Q,TOTAL,ODC_CNT,NR,CY_0CYLMS,2020-Q1,157,
ESTAT:MAR_TF_QM$DEFAULTVIEW(1.0),25/05/22 23:00:00,Q,TOTAL,ODC_CNT,NR,CY_0CYLMS,2020-Q2,163,
ESTAT:MAR_TF_QM$DEFAULTVIEW(1.0),25/05/22 23:00:00,Q,TOTAL,ODC_CNT,NR,CY_0CYLMS,2020-Q3,166,
ESTAT:MAR_TF_QM$DEFAULTVIEW(1.0),25/05/22 23:00:00,Q,TOTAL,ODC_CNT,NR,CY_0CYLMS,2020-Q4,164,
ESTAT:MAR_TF_QM$DEFAULTVIEW(1.0),25/05/22 23:00:00,Q,TOTAL,ODC_CNT,NR,DE,2020-Q1,1691,
ESTAT:MAR_TF_QM$DEFAULTVIEW(1.0),25/05/22 23:00:00,Q,TOTAL,ODC_CNT,NR,DE,2020-Q2,1667,
ESTAT:MAR_TF_QM$DEFAULTVIEW(1.0),25/05/22 23:00:00,Q,TOTAL,ODC_CNT,NR,DE,2020-Q3,1716,
ESTAT:MAR_TF_QM$DEFAULTVIEW(1.0),25/05/22 23:00:00,Q,TOTAL,ODC_CNT,NR,DE,2020-Q4,1648,
ESTAT:MAR_TF_QM$DEFAULTVIEW(1.0),25/05/22 23:00:00,Q,TOTAL,ODC_CNT,NR,DE_1,2020-Q1,1653,
ESTAT:MAR_TF_QM$DEFAULTVIEW(1.0),25/05/22 23:00:00,Q,TOTAL,ODC_CNT,NR,DE_1,2020-Q2,1614,
ESTAT:MAR_TF_QM$DEFAULTVIEW(1.0),25/05/22 23:00:00,Q,TOTAL,ODC_CNT,NR,DE_1,2020-Q3,1654,
ESTAT:MAR_TF_QM$DEFAULTVIEW(1.0),25/05/22 23:00:00,Q,TOTAL,ODC_CNT,NR,DE_1,2020-Q4,1589,
ESTAT:MAR_TF_QM$DEFAULTVIEW(1.0),25/05/22 23:00:00,Q,TOTAL,ODC_CNT,NR,DE_1DEBKE,2020-Q1,1,
ESTAT:MAR_TF_QM$DEFAULTVIEW(1.0),25/05/22 23:00:00,Q,TOTAL,ODC_CNT,NR,DE_1DEBKE,2020-Q2,1,
ESTAT:MAR_TF_QM$DEFAULTVIEW(1.0),25/05/22 23:00:00,Q,TOTAL,ODC_CNT,NR,DE_1DEBKE,2020-Q4,1,
ESTAT:MAR_TF_QM$DEFAULTVIEW(1.0),25/05/22 23:00:00,Q,TOTAL,ODC_CNT,NR,DE_1DEBRV,2020-Q1,691,
ESTAT:MAR_TF_QM$DEFAULTVIEW(1.0),25/05/22 23:00:00,Q,TOTAL,ODC_CNT,NR,DE_1DEBRV,2020-Q2,702,
ESTAT:MAR_TF_QM$DEFAULTVIEW(1.0),25/05/22 23:00:00,Q,TOTAL,ODC_CNT,NR,DE_1DEBRV,2020-Q3,683,
ESTAT:MAR_TF_QM$DEFAULTVIEW(1.0),25/05/22 23:00:00,Q,TOTAL,ODC_CNT,NR,DE_1DEBRV,2020-Q4,657,
ESTAT:MAR_TF_QM$DEFAULTVIEW(1.0),25/05/22 23:00:00,Q,TOTAL,ODC_CNT,NR,DE_1DECUX,2020-Q1,13,
ESTAT:MAR_TF_QM$DEFAULTVIEW(1.0),25/05/22 23:00:00,Q,TOTAL,ODC_CNT,NR,DE_1DECUX,2020-Q2,13,
ESTAT:MAR_TF_QM$DEFAULTVIEW(1.0),25/05/22 23:00:00,Q,TOTAL,ODC_CNT,NR,DE_1DECUX,2020-Q3,13,
ESTAT:MAR_TF_QM$DEFAULTVIEW(1.0),25/05/22 23:00:00,Q,TOTAL,ODC_CNT,NR,DE_1DECUX,2020-Q4,12,
ESTAT:MAR_TF_QM$DEFAULTVIEW(1.0),25/05/22 23:00:00,Q,TOTAL,ODC_CNT,NR,DE_1DEEME,2020-Q3,1,
ESTAT:MAR_TF_QM$DEFAULTVIEW(1.0),25/05/22 23:00:00,Q,TOTAL,ODC_CNT,NR,DE_1DEHAM,2020-Q1,860,
ESTAT:MAR_TF_QM$DEFAULTVIEW(1.0),25/05/22 23:00:00,Q,TOTAL,ODC_CNT,NR,DE_1DEHAM,2020-Q2,805,
ESTAT:MAR_TF_QM$DEFAULTVIEW(1.0),25/05/22 23:00:00,Q,TOTAL,ODC_CNT,NR,DE_1DEHAM,2020-Q3,872,
ESTAT:MAR_TF_QM$DEFAULTVIEW(1.0),25/05/22 23:00:00,Q,TOTAL,ODC_CNT,NR,DE_1DEHAM,2020-Q4,835,
ESTAT:MAR_TF_QM$DEFAULTVIEW(1.0),25/05/22 23:00:00,Q,TOTAL,ODC_CNT,NR,DE_1DENHA,2020-Q1,1,
ESTAT:MAR_TF_QM$DEFAULTVIEW(1.0),25/05/22 23:00:00,Q,TOTAL,ODC_CNT,NR,DE_1DEWVN,2020-Q1,87,
ESTAT:MAR_TF_QM$DEFAULTVIEW(1.0),25/05/22 23:00:00,Q,TOTAL,ODC_CNT,NR,DE_1DEWVN,2020-Q2,93,
ESTAT:MAR_TF_QM$DEFAULTVIEW(1.0),25/05/22 23:00:00,Q,TOTAL,ODC_CNT,NR,DE_1DEWVN,2020-Q3,85,
ESTAT:MAR_TF_QM$DEFAULTVIEW(1.0),25/05/22 23:00:00,Q,TOTAL,ODC_CNT,NR,DE_1DEWVN,2020-Q4,84,
ESTAT:MAR_TF_QM$DEFAULTVIEW(1.0),25/05/22 23:00:00,Q,TOTAL,ODC_CNT,NR,DE_2,2020-Q1,38,
ESTAT:MAR_TF_QM$DEFAULTVIEW(1.0),25/05/22 23:00:00,Q,TOTAL,ODC_CNT,NR,DE_2,2020-Q2,53,
ESTAT:MAR_TF_QM$DEFAULTVIEW(1.0),25/05/22 23:00:00,Q,TOTAL,ODC_CNT,NR,DE_2,2020-Q3,62,
ESTAT:MAR_TF_QM$DEFAULTVIEW(1.0),25/05/22 23:00:00,Q,TOTAL,ODC_CNT,NR,DE_2,2020-Q4,59,
ESTAT:MAR_TF_QM$DEFAULTVIEW(1.0),25/05/22 23:00:00,Q,TOTAL,ODC_CNT,NR,DE_2DELBC,2020-Q1,38,
ESTAT:MAR_TF_QM$DEFAULTVIEW(1.0),25/05/22 23:00:00,Q,TOTAL,ODC_CNT,NR,DE_2DELBC,2020-Q2,40,
ESTAT:MAR_TF_QM$DEFAULTVIEW(1.0),25/05/22 23:00:00,Q,TOTAL,ODC_CNT,NR,DE_2DELBC,2020-Q3,41,
ESTAT:MAR_TF_QM$DEFAULTVIEW(1.0),25/05/22 23:00:00,Q,TOTAL,ODC_CNT,NR,DE_2DELBC,2020-Q4,37,
ESTAT:MAR_TF_QM$DEFAULTVIEW(1.0),25/05/22 23:00:00,Q,TOTAL,ODC_CNT,NR,DE_2DERSK,2020-Q2,12,
ESTAT:MAR_TF_QM$DEFAULTVIEW(1.0),25/05/22 23:00:00,Q,TOTAL,ODC_CNT,NR,DE_2DERSK,2020-Q3,20,
ESTAT:MAR_TF_QM$DEFAULTVIEW(1.0),25/05/22 23:00:00,Q,TOTAL,ODC_CNT,NR,DE_2DERSK,2020-Q4,22,
ESTAT:MAR_TF_QM$DEFAULTVIEW(1.0),25/05/22 23:00:00,Q,TOTAL,ODC_CNT,NR,DE_2DESAS,2020-Q2,1,
ESTAT:MAR_TF_QM$DEFAULTVIEW(1.0),25/05/22 23:00:00,Q,TOTAL,ODC_CNT,NR,DE_2DEWIS,2020-Q3,1,
ESTAT:MAR_TF_QM$DEFAULTVIEW(1.0),25/05/22 23:00:00,Q,TOTAL,ODC_CNT,NR,DK,2020-Q1,320,
ESTAT:MAR_TF_QM$DEFAULTVIEW(1.0),25/05/22 23:00:00,Q,TOTAL,ODC_CNT,NR,DK,2020-Q2,310,
ESTAT:MAR_TF_QM$DEFAULTVIEW(1.0),25/05/22 23:00:00,Q,TOTAL,ODC_CNT,NR,DK,2020-Q3,361,
ESTAT:MAR_TF_QM$DEFAULTVIEW(1.0),25/05/22 23:00:00,Q,TOTAL,ODC_CNT,NR,DK,2020-Q4,345,
ESTAT:MAR_TF_QM$DEFAULTVIEW(1.0),25/05/22 23:00:00,Q,TOTAL,ODC_CNT,NR,DK_0DKAAL,2020-Q1,25,
ESTAT:MAR_TF_QM$DEFAULTVIEW(1.0),25/05/22 23:00:00,Q,TOTAL,ODC_CNT,NR,DK_0DKAAL,2020-Q2,28,
ESTAT:MAR_TF_QM$DEFAULTVIEW(1.0),25/05/22 23:00:00,Q,TOTAL,ODC_CNT,NR,DK_0DKAAL,2020-Q3,30,
ESTAT:MAR_TF_QM$DEFAULTVIEW(1.0),25/05/22 23:00:00,Q,TOTAL,ODC_CNT,NR,DK_0DKAAL,2020-Q4,32,
ESTAT:MAR_TF_QM$DEFAULTVIEW(1.0),25/05/22 23:00:00,Q,TOTAL,ODC_CNT,NR,DK_0DKAAR,2020-Q1,182,
ESTAT:MAR_TF_QM$DEFAULTVIEW(1.0),25/05/22 23:00:00,Q,TOTAL,ODC_CNT,NR,DK_0DKAAR,2020-Q2,161,
ESTAT:MAR_TF_QM$DEFAULTVIEW(1.0),25/05/22 23:00:00,Q,TOTAL,ODC_CNT,NR,DK_0DKAAR,2020-Q3,177,
ESTAT:MAR_TF_QM$DEFAULTVIEW(1.0),25/05/22 23:00:00,Q,TOTAL,ODC_CNT,NR,DK_0DKAAR,2020-Q4,163,
ESTAT:MAR_TF_QM$DEFAULTVIEW(1.0),25/05/22 23:00:00,Q,TOTAL,ODC_CNT,NR,DK_0DKCPH,2020-Q1,49,
ESTAT:MAR_TF_QM$DEFAULTVIEW(1.0),25/05/22 23:00:00,Q,TOTAL,ODC_CNT,NR,DK_0DKCPH,2020-Q2,52,
ESTAT:MAR_TF_QM$DEFAULTVIEW(1.0),25/05/22 23:00:00,Q,TOTAL,ODC_CNT,NR,DK_0DKCPH,2020-Q3,69,
ESTAT:MAR_TF_QM$DEFAULTVIEW(1.0),25/05/22 23:00:00,Q,TOTAL,ODC_CNT,NR,DK_0DKCPH,2020-Q4,60,
ESTAT:MAR_TF_QM$DEFAULTVIEW(1.0),25/05/22 23:00:00,Q,TOTAL,ODC_CNT,NR,DK_0DKEBJ,2020-Q2,3,
ESTAT:MAR_TF_QM$DEFAULTVIEW(1.0),25/05/22 23:00:00,Q,TOTAL,ODC_CNT,NR,DK_0DKEBJ,2020-Q3,3,
ESTAT:MAR_TF_QM$DEFAULTVIEW(1.0),25/05/22 23:00:00,Q,TOTAL,ODC_CNT,NR,DK_0DKEBJ,2020-Q4,3,
ESTAT:MAR_TF_QM$DEFAULTVIEW(1.0),25/05/22 23:00:00,Q,TOTAL,ODC_CNT,NR,DK_0DKFRC,2020-Q1,50,
ESTAT:MAR_TF_QM$DEFAULTVIEW(1.0),25/05/22 23:00:00,Q,TOTAL,ODC_CNT,NR,DK_0DKFRC,2020-Q2,50,
ESTAT:MAR_TF_QM$DEFAULTVIEW(1.0),25/05/22 23:00:00,Q,TOTAL,ODC_CNT,NR,DK_0DKFRC,2020-Q3,66,
ESTAT:MAR_TF_QM$DEFAULTVIEW(1.0),25/05/22 23:00:00,Q,TOTAL,ODC_CNT,NR,DK_0DKFRC,2020-Q4,73,
ESTAT:MAR_TF_QM$DEFAULTVIEW(1.0),25/05/22 23:00:00,Q,TOTAL,ODC_CNT,NR,DK_0DKKAL,2020-Q1,13,
ESTAT:MAR_TF_QM$DEFAULTVIEW(1.0),25/05/22 23:00:00,Q,TOTAL,ODC_CNT,NR,DK_0DKKAL,2020-Q2,15,
ESTAT:MAR_TF_QM$DEFAULTVIEW(1.0),25/05/22 23:00:00,Q,TOTAL,ODC_CNT,NR,DK_0DKKAL,2020-Q3,13,
ESTAT:MAR_TF_QM$DEFAULTVIEW(1.0),25/05/22 23:00:00,Q,TOTAL,ODC_CNT,NR,DK_0DKKAL,2020-Q4,13,
ESTAT:MAR_TF_QM$DEFAULTVIEW(1.0),25/05/22 23:00:00,Q,TOTAL,ODC_CNT,NR,DK_0DKKOG,2020-Q1,1,
ESTAT:MAR_TF_QM$DEFAULTVIEW(1.0),25/05/22 23:00:00,Q,TOTAL,ODC_CNT,NR,DK_0DKKOG,2020-Q3,2,
ESTAT:MAR_TF_QM$DEFAULTVIEW(1.0),25/05/22 23:00:00,Q,TOTAL,ODC_CNT,NR,DK_0DKKOL,2020-Q2,1,
ESTAT:MAR_TF_QM$DEFAULTVIEW(1.0),25/05/22 23:00:00,Q,TOTAL,ODC_CNT,NR,DK_0DKKOL,2020-Q3,1,
ESTAT:MAR_TF_QM$DEFAULTVIEW(1.0),25/05/22 23:00:00,Q,TOTAL,ODC_CNT,NR,DK_0DKKOL,2020-Q4,1,
ESTAT:MAR_TF_QM$DEFAULTVIEW(1.0),25/05/22 23:00:00,Q,TOTAL,ODC_CNT,NR,EE,2020-Q1,71,
ESTAT:MAR_TF_QM$DEFAULTVIEW(1.0),25/05/22 23:00:00,Q,TOTAL,ODC_CNT,NR,EE,2020-Q2,85,
ESTAT:MAR_TF_QM$DEFAULTVIEW(1.0),25/05/22 23:00:00,Q,TOTAL,ODC_CNT,NR,EE,2020-Q3,81,
ESTAT:MAR_TF_QM$DEFAULTVIEW(1.0),25/05/22 23:00:00,Q,TOTAL,ODC_CNT,NR,EE,2020-Q4,82,
ESTAT:MAR_TF_QM$DEFAULTVIEW(1.0),25/05/22 23:00:00,Q,TOTAL,ODC_CNT,NR,EE_0EEKND,2020-Q4,1,
ESTAT:MAR_TF_QM$DEFAULTVIEW(1.0),25/05/22 23:00:00,Q,TOTAL,ODC_CNT,NR,EE_0EETLL,2020-Q1,71,
ESTAT:MAR_TF_QM$DEFAULTVIEW(1.0),25/05/22 23:00:00,Q,TOTAL,ODC_CNT,NR,EE_0EETLL,2020-Q2,85,
ESTAT:MAR_TF_QM$DEFAULTVIEW(1.0),25/05/22 23:00:00,Q,TOTAL,ODC_CNT,NR,EE_0EETLL,2020-Q3,81,
ESTAT:MAR_TF_QM$DEFAULTVIEW(1.0),25/05/22 23:00:00,Q,TOTAL,ODC_CNT,NR,EE_0EETLL,2020-Q4,81,
ESTAT:MAR_TF_QM$DEFAULTVIEW(1.0),25/05/22 23:00:00,Q,TOTAL,ODC_CNT,NR,EL,2020-Q1,957,
ESTAT:MAR_TF_QM$DEFAULTVIEW(1.0),25/05/22 23:00:00,Q,TOTAL,ODC_CNT,NR,EL,2020-Q2,981,
ESTAT:MAR_TF_QM$DEFAULTVIEW(1.0),25/05/22 23:00:00,Q,TOTAL,ODC_CNT,NR,EL,2020-Q3,919,
ESTAT:MAR_TF_QM$DEFAULTVIEW(1.0),25/05/22 23:00:00,Q,TOTAL,ODC_CNT,NR,EL,2020-Q4,802,
ESTAT:MAR_TF_QM$DEFAULTVIEW(1.0),25/05/22 23:00:00,Q,TOTAL,ODC_CNT,NR,EL_0GRAPL,2020-Q4,1,
ESTAT:MAR_TF_QM$DEFAULTVIEW(1.0),25/05/22 23:00:00,Q,TOTAL,ODC_CNT,NR,EL_0GRHER,2020-Q1,1,
ESTAT:MAR_TF_QM$DEFAULTVIEW(1.0),25/05/22 23:00:00,Q,TOTAL,ODC_CNT,NR,EL_0GRHER,2020-Q2,1,
ESTAT:MAR_TF_QM$DEFAULTVIEW(1.0),25/05/22 23:00:00,Q,TOTAL,ODC_CNT,NR,EL_0GRHER,2020-Q3,14,
ESTAT:MAR_TF_QM$DEFAULTVIEW(1.0),25/05/22 23:00:00,Q,TOTAL,ODC_CNT,NR,EL_0GRHER,2020-Q4,11,
ESTAT:MAR_TF_QM$DEFAULTVIEW(1.0),25/05/22 23:00:00,Q,TOTAL,ODC_CNT,NR,EL_0GRJTR,2020-Q4,1,
ESTAT:MAR_TF_QM$DEFAULTVIEW(1.0),25/05/22 23:00:00,Q,TOTAL,ODC_CNT,NR,EL_0GRKVA,2020-Q3,1,
ESTAT:MAR_TF_QM$DEFAULTVIEW(1.0),25/05/22 23:00:00,Q,TOTAL,ODC_CNT,NR,EL_0GRLAV,2020-Q3,1,
ESTAT:MAR_TF_QM$DEFAULTVIEW(1.0),25/05/22 23:00:00,Q,TOTAL,ODC_CNT,NR,EL_0GRPIR,2020-Q1,856,
ESTAT:MAR_TF_QM$DEFAULTVIEW(1.0),25/05/22 23:00:00,Q,TOTAL,ODC_CNT,NR,EL_0GRPIR,2020-Q2,880,
ESTAT:MAR_TF_QM$DEFAULTVIEW(1.0),25/05/22 23:00:00,Q,TOTAL,ODC_CNT,NR,EL_0GRPIR,2020-Q3,793,
ESTAT:MAR_TF_QM$DEFAULTVIEW(1.0),25/05/22 23:00:00,Q,TOTAL,ODC_CNT,NR,EL_0GRPIR,2020-Q4,701,
ESTAT:MAR_TF_QM$DEFAULTVIEW(1.0),25/05/22 23:00:00,Q,TOTAL,ODC_CNT,NR,EL_0GRSKG,2020-Q1,92,
ESTAT:MAR_TF_QM$DEFAULTVIEW(1.0),25/05/22 23:00:00,Q,TOTAL,ODC_CNT,NR,EL_0GRSKG,2020-Q2,97,
ESTAT:MAR_TF_QM$DEFAULTVIEW(1.0),25/05/22 23:00:00,Q,TOTAL,ODC_CNT,NR,EL_0GRSKG,2020-Q3,107,
ESTAT:MAR_TF_QM$DEFAULTVIEW(1.0),25/05/22 23:00:00,Q,TOTAL,ODC_CNT,NR,EL_0GRSKG,2020-Q4,86,
ESTAT:MAR_TF_QM$DEFAULTVIEW(1.0),25/05/22 23:00:00,Q,TOTAL,ODC_CNT,NR,EL_0GRVOL,2020-Q1,8,
ESTAT:MAR_TF_QM$DEFAULTVIEW(1.0),25/05/22 23:00:00,Q,TOTAL,ODC_CNT,NR,EL_0GRVOL,2020-Q2,3,
ESTAT:MAR_TF_QM$DEFAULTVIEW(1.0),25/05/22 23:00:00,Q,TOTAL,ODC_CNT,NR,EL_0GRVOL,2020-Q3,3,
ESTAT:MAR_TF_QM$DEFAULTVIEW(1.0),25/05/22 23:00:00,Q,TOTAL,ODC_CNT,NR,EL_0GRVOL,2020-Q4,2,
ESTAT:MAR_TF_QM$DEFAULTVIEW(1.0),25/05/22 23:00:00,Q,TOTAL,ODC_CNT,NR,ES,2020-Q1,3547,
ESTAT:MAR_TF_QM$DEFAULTVIEW(1.0),25/05/22 23:00:00,Q,TOTAL,ODC_CNT,NR,ES,2020-Q2,3494,
ESTAT:MAR_TF_QM$DEFAULTVIEW(1.0),25/05/22 23:00:00,Q,TOTAL,ODC_CNT,NR,ES,2020-Q3,3743,
ESTAT:MAR_TF_QM$DEFAULTVIEW(1.0),25/05/22 23:00:00,Q,TOTAL,ODC_CNT,NR,ES,2020-Q4,3608,
ESTAT:MAR_TF_QM$DEFAULTVIEW(1.0),25/05/22 23:00:00,Q,TOTAL,ODC_CNT,NR,ES_1,2020-Q1,411,
ESTAT:MAR_TF_QM$DEFAULTVIEW(1.0),25/05/22 23:00:00,Q,TOTAL,ODC_CNT,NR,ES_1,2020-Q2,434,
ESTAT:MAR_TF_QM$DEFAULTVIEW(1.0),25/05/22 23:00:00,Q,TOTAL,ODC_CNT,NR,ES_1,2020-Q3,451,
ESTAT:MAR_TF_QM$DEFAULTVIEW(1.0),25/05/22 23:00:00,Q,TOTAL,ODC_CNT,NR,ES_1,2020-Q4,347,
ESTAT:MAR_TF_QM$DEFAULTVIEW(1.0),25/05/22 23:00:00,Q,TOTAL,ODC_CNT,NR,ES_1ESAVS,2020-Q2,3,
ESTAT:MAR_TF_QM$DEFAULTVIEW(1.0),25/05/22 23:00:00,Q,TOTAL,ODC_CNT,NR,ES_1ESAVS,2020-Q3,4,
ESTAT:MAR_TF_QM$DEFAULTVIEW(1.0),25/05/22 23:00:00,Q,TOTAL,ODC_CNT,NR,ES_1ESBIO,2020-Q1,140,
ESTAT:MAR_TF_QM$DEFAULTVIEW(1.0),25/05/22 23:00:00,Q,TOTAL,ODC_CNT,NR,ES_1ESBIO,2020-Q2,151,
ESTAT:MAR_TF_QM$DEFAULTVIEW(1.0),25/05/22 23:00:00,Q,TOTAL,ODC_CNT,NR,ES_1ESBIO,2020-Q3,148,
ESTAT:MAR_TF_QM$DEFAULTVIEW(1.0),25/05/22 23:00:00,Q,TOTAL,ODC_CNT,NR,ES_1ESBIO,2020-Q4,72,
ESTAT:MAR_TF_QM$DEFAULTVIEW(1.0),25/05/22 23:00:00,Q,TOTAL,ODC_CNT,NR,ES_1ESFRO,2020-Q1,25,
ESTAT:MAR_TF_QM$DEFAULTVIEW(1.0),25/05/22 23:00:00,Q,TOTAL,ODC_CNT,NR,ES_1ESFRO,2020-Q2,32,
ESTAT:MAR_TF_QM$DEFAULTVIEW(1.0),25/05/22 23:00:00,Q,TOTAL,ODC_CNT,NR,ES_1ESFRO,2020-Q3,40,
ESTAT:MAR_TF_QM$DEFAULTVIEW(1.0),25/05/22 23:00:00,Q,TOTAL,ODC_CNT,NR,ES_1ESFRO,2020-Q4,32,
ESTAT:MAR_TF_QM$DEFAULTVIEW(1.0),25/05/22 23:00:00,Q,TOTAL,ODC_CNT,NR,ES_1ESGIJ,2020-Q1,55,
ESTAT:MAR_TF_QM$DEFAULTVIEW(1.0),25/05/22 23:00:00,Q,TOTAL,ODC_CNT,NR,ES_1ESGIJ,2020-Q2,66,
ESTAT:MAR_TF_QM$DEFAULTVIEW(1.0),25/05/22 23:00:00,Q,TOTAL,ODC_CNT,NR,ES_1ESGIJ,2020-Q3,73,
ESTAT:MAR_TF_QM$DEFAULTVIEW(1.0),25/05/22 23:00:00,Q,TOTAL,ODC_CNT,NR,ES_1ESGIJ,2020-Q4,60,
ESTAT:MAR_TF_QM$DEFAULTVIEW(1.0),25/05/22 23:00:00,Q,TOTAL,ODC_CNT,NR,ES_1ESLCG,2020-Q1,1,
ESTAT:MAR_TF_QM$DEFAULTVIEW(1.0),25/05/22 23:00:00,Q,TOTAL,ODC_CNT,NR,ES_1ESLCG,2020-Q2,1,
ESTAT:MAR_TF_QM$DEFAULTVIEW(1.0),25/05/22 23:00:00,Q,TOTAL,ODC_CNT,NR,ES_1ESMPG,2020-Q1,19,
ESTAT:MAR_TF_QM$DEFAULTVIEW(1.0),25/05/22 23:00:00,Q,TOTAL,ODC_CNT,NR,ES_1ESMPG,2020-Q2,14,
ESTAT:MAR_TF_QM$DEFAULTVIEW(1.0),25/05/22 23:00:00,Q,TOTAL,ODC_CNT,NR,ES_1ESMPG,2020-Q3,14,
ESTAT:MAR_TF_QM$DEFAULTVIEW(1.0),25/05/22 23:00:00,Q,TOTAL,ODC_CNT,NR,ES_1ESMPG,2020-Q4,14,
ESTAT:MAR_TF_QM$DEFAULTVIEW(1.0),25/05/22 23:00:00,Q,TOTAL,ODC_CNT,NR,ES_1ESPAS,2020-Q4,4,
ESTAT:MAR_TF_QM$DEFAULTVIEW(1.0),25/05/22 23:00:00,Q,TOTAL,ODC_CNT,NR,ES_1ESSDR,2020-Q1,3,
ESTAT:MAR_TF_QM$DEFAULTVIEW(1.0),25/05/22 23:00:00,Q,TOTAL,ODC_CNT,NR,ES_1ESSDR,2020-Q3,1,
ESTAT:MAR_TF_QM$DEFAULTVIEW(1.0),25/05/22 23:00:00,Q,TOTAL,ODC_CNT,NR,ES_1ESSDR,2020-Q4,1,
ESTAT:MAR_TF_QM$DEFAULTVIEW(1.0),25/05/22 23:00:00,Q,TOTAL,ODC_CNT,NR,ES_1ESVGO,2020-Q1,142,
ESTAT:MAR_TF_QM$DEFAULTVIEW(1.0),25/05/22 23:00:00,Q,TOTAL,ODC_CNT,NR,ES_1ESVGO,2020-Q2,142,
ESTAT:MAR_TF_QM$DEFAULTVIEW(1.0),25/05/22 23:00:00,Q,TOTAL,ODC_CNT,NR,ES_1ESVGO,2020-Q3,144,
ESTAT:MAR_TF_QM$DEFAULTVIEW(1.0),25/05/22 23:00:00,Q,TOTAL,ODC_CNT,NR,ES_1ESVGO,2020-Q4,148,
ESTAT:MAR_TF_QM$DEFAULTVIEW(1.0),25/05/22 23:00:00,Q,TOTAL,ODC_CNT,NR,ES_1ESVIL,2020-Q1,26,
ESTAT:MAR_TF_QM$DEFAULTVIEW(1.0),25/05/22 23:00:00,Q,TOTAL,ODC_CNT,NR,ES_1ESVIL,2020-Q2,25,
ESTAT:MAR_TF_QM$DEFAULTVIEW(1.0),25/05/22 23:00:00,Q,TOTAL,ODC_CNT,NR,ES_1ESVIL,2020-Q3,27,
ESTAT:MAR_TF_QM$DEFAULTVIEW(1.0),25/05/22 23:00:00,Q,TOTAL,ODC_CNT,NR,ES_1ESVIL,2020-Q4,16,
ESTAT:MAR_TF_QM$DEFAULTVIEW(1.0),25/05/22 23:00:00,Q,TOTAL,ODC_CNT,NR,ES_2,2020-Q1,3114,
ESTAT:MAR_TF_QM$DEFAULTVIEW(1.0),25/05/22 23:00:00,Q,TOTAL,ODC_CNT,NR,ES_2,2020-Q2,3040,
ESTAT:MAR_TF_QM$DEFAULTVIEW(1.0),25/05/22 23:00:00,Q,TOTAL,ODC_CNT,NR,ES_2,2020-Q3,3274,
ESTAT:MAR_TF_QM$DEFAULTVIEW(1.0),25/05/22 23:00:00,Q,TOTAL,ODC_CNT,NR,ES_2,2020-Q4,3249,
ESTAT:MAR_TF_QM$DEFAULTVIEW(1.0),25/05/22 23:00:00,Q,TOTAL,ODC_CNT,NR,ES_2ESAGP,2020-Q1,43,
ESTAT:MAR_TF_QM$DEFAULTVIEW(1.0),25/05/22 23:00:00,Q,TOTAL,ODC_CNT,NR,ES_2ESAGP,2020-Q2,38,
ESTAT:MAR_TF_QM$DEFAULTVIEW(1.0),25/05/22 23:00:00,Q,TOTAL,ODC_CNT,NR,ES_2ESAGP,2020-Q3,28,
ESTAT:MAR_TF_QM$DEFAULTVIEW(1.0),25/05/22 23:00:00,Q,TOTAL,ODC_CNT,NR,ES_2ESAGP,2020-Q4,49,
ESTAT:MAR_TF_QM$DEFAULTVIEW(1.0),25/05/22 23:00:00,Q,TOTAL,ODC_CNT,NR,ES_2ESALC,2020-Q1,89,
ESTAT:MAR_TF_QM$DEFAULTVIEW(1.0),25/05/22 23:00:00,Q,TOTAL,ODC_CNT,NR,ES_2ESALC,2020-Q2,77,
ESTAT:MAR_TF_QM$DEFAULTVIEW(1.0),25/05/22 23:00:00,Q,TOTAL,ODC_CNT,NR,ES_2ESALC,2020-Q3,80,
ESTAT:MAR_TF_QM$DEFAULTVIEW(1.0),25/05/22 23:00:00,Q,TOTAL,ODC_CNT,NR,ES_2ESALC,2020-Q4,78,
ESTAT:MAR_TF_QM$DEFAULTVIEW(1.0),25/05/22 23:00:00,Q,TOTAL,ODC_CNT,NR,ES_2ESALG,2020-Q1,785,
ESTAT:MAR_TF_QM$DEFAULTVIEW(1.0),25/05/22 23:00:00,Q,TOTAL,ODC_CNT,NR,ES_2ESALG,2020-Q2,806,
ESTAT:MAR_TF_QM$DEFAULTVIEW(1.0),25/05/22 23:00:00,Q,TOTAL,ODC_CNT,NR,ES_2ESALG,2020-Q3,839,
ESTAT:MAR_TF_QM$DEFAULTVIEW(1.0),25/05/22 23:00:00,Q,TOTAL,ODC_CNT,NR,ES_2ESALG,2020-Q4,769,
ESTAT:MAR_TF_QM$DEFAULTVIEW(1.0),25/05/22 23:00:00,Q,TOTAL,ODC_CNT,NR,ES_2ESBCN,2020-Q1,527,
ESTAT:MAR_TF_QM$DEFAULTVIEW(1.0),25/05/22 23:00:00,Q,TOTAL,ODC_CNT,NR,ES_2ESBCN,2020-Q2,509,
ESTAT:MAR_TF_QM$DEFAULTVIEW(1.0),25/05/22 23:00:00,Q,TOTAL,ODC_CNT,NR,ES_2ESBCN,2020-Q3,536,
ESTAT:MAR_TF_QM$DEFAULTVIEW(1.0),25/05/22 23:00:00,Q,TOTAL,ODC_CNT,NR,ES_2ESBCN,2020-Q4,592,
ESTAT:MAR_TF_QM$DEFAULTVIEW(1.0),25/05/22 23:00:00,Q,TOTAL,ODC_CNT,NR,ES_2ESCAD,2020-Q1,73,
ESTAT:MAR_TF_QM$DEFAULTVIEW(1.0),25/05/22 23:00:00,Q,TOTAL,ODC_CNT,NR,ES_2ESCAD,2020-Q2,98,
ESTAT:MAR_TF_QM$DEFAULTVIEW(1.0),25/05/22 23:00:00,Q,TOTAL,ODC_CNT,NR,ES_2ESCAD,2020-Q3,130,
ESTAT:MAR_TF_QM$DEFAULTVIEW(1.0),25/05/22 23:00:00,Q,TOTAL,ODC_CNT,NR,ES_2ESCAD,2020-Q4,149,
ESTAT:MAR_TF_QM$DEFAULTVIEW(1.0),25/05/22 23:00:00,Q,TOTAL,ODC_CNT,NR,ES_2ESCAR,2020-Q1,41,
ESTAT:MAR_TF_QM$DEFAULTVIEW(1.0),25/05/22 23:00:00,Q,TOTAL,ODC_CNT,NR,ES_2ESCAR,2020-Q2,40,
ESTAT:MAR_TF_QM$DEFAULTVIEW(1.0),25/05/22 23:00:00,Q,TOTAL,ODC_CNT,NR,ES_2ESCAR,2020-Q3,44,
ESTAT:MAR_TF_QM$DEFAULTVIEW(1.0),25/05/22 23:00:00,Q,TOTAL,ODC_CNT,NR,ES_2ESCAR,2020-Q4,40,
ESTAT:MAR_TF_QM$DEFAULTVIEW(1.0),25/05/22 23:00:00,Q,TOTAL,ODC_CNT,NR,ES_2ESCAS,2020-Q1,120,
ESTAT:MAR_TF_QM$DEFAULTVIEW(1.0),25/05/22 23:00:00,Q,TOTAL,ODC_CNT,NR,ES_2ESCAS,2020-Q2,98,
ESTAT:MAR_TF_QM$DEFAULTVIEW(1.0),25/05/22 23:00:00,Q,TOTAL,ODC_CNT,NR,ES_2ESCAS,2020-Q3,108,
ESTAT:MAR_TF_QM$DEFAULTVIEW(1.0),25/05/22 23:00:00,Q,TOTAL,ODC_CNT,NR,ES_2ESCAS,2020-Q4,112,
ESTAT:MAR_TF_QM$DEFAULTVIEW(1.0),25/05/22 23:00:00,Q,TOTAL,ODC_CNT,NR,ES_2ESHUV,2020-Q1,28,
ESTAT:MAR_TF_QM$DEFAULTVIEW(1.0),25/05/22 23:00:00,Q,TOTAL,ODC_CNT,NR,ES_2ESHUV,2020-Q2,30,
ESTAT:MAR_TF_QM$DEFAULTVIEW(1.0),25/05/22 23:00:00,Q,TOTAL,ODC_CNT,NR,ES_2ESHUV,2020-Q3,31,
ESTAT:MAR_TF_QM$DEFAULTVIEW(1.0),25/05/22 23:00:00,Q,TOTAL,ODC_CNT,NR,ES_2ESHUV,2020-Q4,32,
ESTAT:MAR_TF_QM$DEFAULTVIEW(1.0),25/05/22 23:00:00,Q,TOTAL,ODC_CNT,NR,ES_2ESLEI,2020-Q1,24,
ESTAT:MAR_TF_QM$DEFAULTVIEW(1.0),25/05/22 23:00:00,Q,TOTAL,ODC_CNT,NR,ES_2ESLEI,2020-Q2,26,
ESTAT:MAR_TF_QM$DEFAULTVIEW(1.0),25/05/22 23:00:00,Q,TOTAL,ODC_CNT,NR,ES_2ESLEI,2020-Q3,27,
ESTAT:MAR_TF_QM$DEFAULTVIEW(1.0),25/05/22 23:00:00,Q,TOTAL,ODC_CNT,NR,ES_2ESLEI,2020-Q4,25,
ESTAT:MAR_TF_QM$DEFAULTVIEW(1.0),25/05/22 23:00:00,Q,TOTAL,ODC_CNT,NR,ES_2ESLPA,2020-Q1,414,
ESTAT:MAR_TF_QM$DEFAULTVIEW(1.0),25/05/22 23:00:00,Q,TOTAL,ODC_CNT,NR,ES_2ESLPA,2020-Q2,380,
ESTAT:MAR_TF_QM$DEFAULTVIEW(1.0),25/05/22 23:00:00,Q,TOTAL,ODC_CNT,NR,ES_2ESLPA,2020-Q3,434,
ESTAT:MAR_TF_QM$DEFAULTVIEW(1.0),25/05/22 23:00:00,Q,TOTAL,ODC_CNT,NR,ES_2ESLPA,2020-Q4,430,
ESTAT:MAR_TF_QM$DEFAULTVIEW(1.0),25/05/22 23:00:00,Q,TOTAL,ODC_CNT,NR,ES_2ESPMI,2020-Q2,1,
ESTAT:MAR_TF_QM$DEFAULTVIEW(1.0),25/05/22 23:00:00,Q,TOTAL,ODC_CNT,NR,ES_2ESPMI,2020-Q4,1,
ESTAT:MAR_TF_QM$DEFAULTVIEW(1.0),25/05/22 23:00:00,Q,TOTAL,ODC_CNT,NR,ES_2ESSCT,2020-Q1,201,
ESTAT:MAR_TF_QM$DEFAULTVIEW(1.0),25/05/22 23:00:00,Q,TOTAL,ODC_CNT,NR,ES_2ESSCT,2020-Q2,182,
ESTAT:MAR_TF_QM$DEFAULTVIEW(1.0),25/05/22 23:00:00,Q,TOTAL,ODC_CNT,NR,ES_2ESSCT,2020-Q3,195,
ESTAT:MAR_TF_QM$DEFAULTVIEW(1.0),25/05/22 23:00:00,Q,TOTAL,ODC_CNT,NR,ES_2ESSCT,2020-Q4,143,
ESTAT:MAR_TF_QM$DEFAULTVIEW(1.0),25/05/22 23:00:00,Q,TOTAL,ODC_CNT,NR,ES_2ESSVQ,2020-Q1,15,
ESTAT:MAR_TF_QM$DEFAULTVIEW(1.0),25/05/22 23:00:00,Q,TOTAL,ODC_CNT,NR,ES_2ESSVQ,2020-Q2,14,
ESTAT:MAR_TF_QM$DEFAULTVIEW(1.0),25/05/22 23:00:00,Q,TOTAL,ODC_CNT,NR,ES_2ESSVQ,2020-Q3,27,
ESTAT:MAR_TF_QM$DEFAULTVIEW(1.0),25/05/22 23:00:00,Q,TOTAL,ODC_CNT,NR,ES_2ESSVQ,2020-Q4,40,
ESTAT:MAR_TF_QM$DEFAULTVIEW(1.0),25/05/22 23:00:00,Q,TOTAL,ODC_CNT,NR,ES_2ESTAR,2020-Q1,31,
ESTAT:MAR_TF_QM$DEFAULTVIEW(1.0),25/05/22 23:00:00,Q,TOTAL,ODC_CNT,NR,ES_2ESTAR,2020-Q2,37,
ESTAT:MAR_TF_QM$DEFAULTVIEW(1.0),25/05/22 23:00:00,Q,TOTAL,ODC_CNT,NR,ES_2ESTAR,2020-Q3,34,
ESTAT:MAR_TF_QM$DEFAULTVIEW(1.0),25/05/22 23:00:00,Q,TOTAL,ODC_CNT,NR,ES_2ESTAR,2020-Q4,35,
ESTAT:MAR_TF_QM$DEFAULTVIEW(1.0),25/05/22 23:00:00,Q,TOTAL,ODC_CNT,NR,ES_2ESVLC,2020-Q1,723,
ESTAT:MAR_TF_QM$DEFAULTVIEW(1.0),25/05/22 23:00:00,Q,TOTAL,ODC_CNT,NR,ES_2ESVLC,2020-Q2,704,
ESTAT:MAR_TF_QM$DEFAULTVIEW(1.0),25/05/22 23:00:00,Q,TOTAL,ODC_CNT,NR,ES_2ESVLC,2020-Q3,761,
ESTAT:MAR_TF_QM$DEFAULTVIEW(1.0),25/05/22 23:00:00,Q,TOTAL,ODC_CNT,NR,ES_2ESVLC,2020-Q4,754,
ESTAT:MAR_TF_QM$DEFAULTVIEW(1.0),25/05/22 23:00:00,Q,TOTAL,ODC_CNT,NR,ES_3,2020-Q1,12,
ESTAT:MAR_TF_QM$DEFAULTVIEW(1.0),25/05/22 23:00:00,Q,TOTAL,ODC_CNT,NR,ES_3,2020-Q2,14,
ESTAT:MAR_TF_QM$DEFAULTVIEW(1.0),25/05/22 23:00:00,Q,TOTAL,ODC_CNT,NR,ES_3,2020-Q3,11,
ESTAT:MAR_TF_QM$DEFAULTVIEW(1.0),25/05/22 23:00:00,Q,TOTAL,ODC_CNT,NR,ES_3,2020-Q4,11,
ESTAT:MAR_TF_QM$DEFAULTVIEW(1.0),25/05/22 23:00:00,Q,TOTAL,ODC_CNT,NR,ES_3ESCEU,2020-Q1,12,
ESTAT:MAR_TF_QM$DEFAULTVIEW(1.0),25/05/22 23:00:00,Q,TOTAL,ODC_CNT,NR,ES_3ESCEU,2020-Q2,14,
ESTAT:MAR_TF_QM$DEFAULTVIEW(1.0),25/05/22 23:00:00,Q,TOTAL,ODC_CNT,NR,ES_3ESCEU,2020-Q3,11,
ESTAT:MAR_TF_QM$DEFAULTVIEW(1.0),25/05/22 23:00:00,Q,TOTAL,ODC_CNT,NR,ES_3ESCEU,2020-Q4,11,
ESTAT:MAR_TF_QM$DEFAULTVIEW(1.0),25/05/22 23:00:00,Q,TOTAL,ODC_CNT,NR,ES_4,2020-Q1,10,
ESTAT:MAR_TF_QM$DEFAULTVIEW(1.0),25/05/22 23:00:00,Q,TOTAL,ODC_CNT,NR,ES_4,2020-Q2,6,
ESTAT:MAR_TF_QM$DEFAULTVIEW(1.0),25/05/22 23:00:00,Q,TOTAL,ODC_CNT,NR,ES_4,2020-Q3,7,
ESTAT:MAR_TF_QM$DEFAULTVIEW(1.0),25/05/22 23:00:00,Q,TOTAL,ODC_CNT,NR,ES_4,2020-Q4,1,
ESTAT:MAR_TF_QM$DEFAULTVIEW(1.0),25/05/22 23:00:00,Q,TOTAL,ODC_CNT,NR,ES_4ESMLN,2020-Q1,10,
ESTAT:MAR_TF_QM$DEFAULTVIEW(1.0),25/05/22 23:00:00,Q,TOTAL,ODC_CNT,NR,ES_4ESMLN,2020-Q2,6,
ESTAT:MAR_TF_QM$DEFAULTVIEW(1.0),25/05/22 23:00:00,Q,TOTAL,ODC_CNT,NR,ES_4ESMLN,2020-Q3,7,
ESTAT:MAR_TF_QM$DEFAULTVIEW(1.0),25/05/22 23:00:00,Q,TOTAL,ODC_CNT,NR,ES_4ESMLN,2020-Q4,1,
ESTAT:MAR_TF_QM$DEFAULTVIEW(1.0),25/05/22 23:00:00,Q,TOTAL,ODC_CNT,NR,EU27_2020,2020-Q1,16504,
ESTAT:MAR_TF_QM$DEFAULTVIEW(1.0),25/05/22 23:00:00,Q,TOTAL,ODC_CNT,NR,EU27_2020,2020-Q2,16527,
ESTAT:MAR_TF_QM$DEFAULTVIEW(1.0),25/05/22 23:00:00,Q,TOTAL,ODC_CNT,NR,EU27_2020,2020-Q3,16927,
ESTAT:MAR_TF_QM$DEFAULTVIEW(1.0),25/05/22 23:00:00,Q,TOTAL,ODC_CNT,NR,EU27_2020,2020-Q4,16762,
ESTAT:MAR_TF_QM$DEFAULTVIEW(1.0),25/05/22 23:00:00,Q,TOTAL,ODC_CNT,NR,FI,2020-Q1,402,
ESTAT:MAR_TF_QM$DEFAULTVIEW(1.0),25/05/22 23:00:00,Q,TOTAL,ODC_CNT,NR,FI,2020-Q2,409,
ESTAT:MAR_TF_QM$DEFAULTVIEW(1.0),25/05/22 23:00:00,Q,TOTAL,ODC_CNT,NR,FI,2020-Q3,387,
ESTAT:MAR_TF_QM$DEFAULTVIEW(1.0),25/05/22 23:00:00,Q,TOTAL,ODC_CNT,NR,FI,2020-Q4,368,
ESTAT:MAR_TF_QM$DEFAULTVIEW(1.0),25/05/22 23:00:00,Q,TOTAL,ODC_CNT,NR,FI_0FI002,2020-Q1,117,
ESTAT:MAR_TF_QM$DEFAULTVIEW(1.0),25/05/22 23:00:00,Q,TOTAL,ODC_CNT,NR,FI_0FI002,2020-Q2,131,
ESTAT:MAR_TF_QM$DEFAULTVIEW(1.0),25/05/22 23:00:00,Q,TOTAL,ODC_CNT,NR,FI_0FI002,2020-Q3,109,
ESTAT:MAR_TF_QM$DEFAULTVIEW(1.0),25/05/22 23:00:00,Q,TOTAL,ODC_CNT,NR,FI_0FI002,2020-Q4,106,
ESTAT:MAR_TF_QM$DEFAULTVIEW(1.0),25/05/22 23:00:00,Q,TOTAL,ODC_CNT,NR,FI_0FIHEL,2020-Q1,166,
ESTAT:MAR_TF_QM$DEFAULTVIEW(1.0),25/05/22 23:00:00,Q,TOTAL,ODC_CNT,NR,FI_0FIHEL,2020-Q2,168,
ESTAT:MAR_TF_QM$DEFAULTVIEW(1.0),25/05/22 23:00:00,Q,TOTAL,ODC_CNT,NR,FI_0FIHEL,2020-Q3,171,
ESTAT:MAR_TF_QM$DEFAULTVIEW(1.0),25/05/22 23:00:00,Q,TOTAL,ODC_CNT,NR,FI_0FIHEL,2020-Q4,155,
ESTAT:MAR_TF_QM$DEFAULTVIEW(1.0),25/05/22 23:00:00,Q,TOTAL,ODC_CNT,NR,FI_0FIHKO,2020-Q1,1,
ESTAT:MAR_TF_QM$DEFAULTVIEW(1.0),25/05/22 23:00:00,Q,TOTAL,ODC_CNT,NR,FI_0FIHKO,2020-Q2,1,
ESTAT:MAR_TF_QM$DEFAULTVIEW(1.0),25/05/22 23:00:00,Q,TOTAL,ODC_CNT,NR,FI_0FIINK,2020-Q4,1,
ESTAT:MAR_TF_QM$DEFAULTVIEW(1.0),25/05/22 23:00:00,Q,TOTAL,ODC_CNT,NR,FI_0FIKEM,2020-Q1,21,
ESTAT:MAR_TF_QM$DEFAULTVIEW(1.0),25/05/22 23:00:00,Q,TOTAL,ODC_CNT,NR,FI_0FIKEM,2020-Q2,17,
ESTAT:MAR_TF_QM$DEFAULTVIEW(1.0),25/05/22 23:00:00,Q,TOTAL,ODC_CNT,NR,FI_0FIKEM,2020-Q3,12,
ESTAT:MAR_TF_QM$DEFAULTVIEW(1.0),25/05/22 23:00:00,Q,TOTAL,ODC_CNT,NR,FI_0FIKEM,2020-Q4,14,
ESTAT:MAR_TF_QM$DEFAULTVIEW(1.0),25/05/22 23:00:00,Q,TOTAL,ODC_CNT,NR,FI_0FIKOK,2020-Q1,11,
ESTAT:MAR_TF_QM$DEFAULTVIEW(1.0),25/05/22 23:00:00,Q,TOTAL,ODC_CNT,NR,FI_0FIKOK,2020-Q2,12,
ESTAT:MAR_TF_QM$DEFAULTVIEW(1.0),25/05/22 23:00:00,Q,TOTAL,ODC_CNT,NR,FI_0FIKOK,2020-Q3,13,
ESTAT:MAR_TF_QM$DEFAULTVIEW(1.0),25/05/22 23:00:00,Q,TOTAL,ODC_CNT,NR,FI_0FIKOK,2020-Q4,14,
ESTAT:MAR_TF_QM$DEFAULTVIEW(1.0),25/05/22 23:00:00,Q,TOTAL,ODC_CNT,NR,FI_0FINLI,2020-Q4,1,
ESTAT:MAR_TF_QM$DEFAULTVIEW(1.0),25/05/22 23:00:00,Q,TOTAL,ODC_CNT,NR,FI_0FIOUL,2020-Q1,22,
ESTAT:MAR_TF_QM$DEFAULTVIEW(1.0),25/05/22 23:00:00,Q,TOTAL,ODC_CNT,NR,FI_0FIOUL,2020-Q2,17,
ESTAT:MAR_TF_QM$DEFAULTVIEW(1.0),25/05/22 23:00:00,Q,TOTAL,ODC_CNT,NR,FI_0FIOUL,2020-Q3,16,
ESTAT:MAR_TF_QM$DEFAULTVIEW(1.0),25/05/22 23:00:00,Q,TOTAL,ODC_CNT,NR,FI_0FIOUL,2020-Q4,13,
ESTAT:MAR_TF_QM$DEFAULTVIEW(1.0),25/05/22 23:00:00,Q,TOTAL,ODC_CNT,NR,FI_0FIPOR,2020-Q3,1,
ESTAT:MAR_TF_QM$DEFAULTVIEW(1.0),25/05/22 23:00:00,Q,TOTAL,ODC_CNT,NR,FI_0FIPOR,2020-Q4,1,
ESTAT:MAR_TF_QM$DEFAULTVIEW(1.0),25/05/22 23:00:00,Q,TOTAL,ODC_CNT,NR,FI_0FIPRS,2020-Q3,1,
ESTAT:MAR_TF_QM$DEFAULTVIEW(1.0),25/05/22 23:00:00,Q,TOTAL,ODC_CNT,NR,FI_0FIRAU,2020-Q1,51,
ESTAT:MAR_TF_QM$DEFAULTVIEW(1.0),25/05/22 23:00:00,Q,TOTAL,ODC_CNT,NR,FI_0FIRAU,2020-Q2,55,
ESTAT:MAR_TF_QM$DEFAULTVIEW(1.0),25/05/22 23:00:00,Q,TOTAL,ODC_CNT,NR,FI_0FIRAU,2020-Q3,54,
ESTAT:MAR_TF_QM$DEFAULTVIEW(1.0),25/05/22 23:00:00,Q,TOTAL,ODC_CNT,NR,FI_0FIRAU,2020-Q4,49,
ESTAT:MAR_TF_QM$DEFAULTVIEW(1.0),25/05/22 23:00:00,Q,TOTAL,ODC_CNT,NR,FI_0FITKU,2020-Q3,1,
ESTAT:MAR_TF_QM$DEFAULTVIEW(1.0),25/05/22 23:00:00,Q,TOTAL,ODC_CNT,NR,FI_0FITOR,2020-Q1,13,
ESTAT:MAR_TF_QM$DEFAULTVIEW(1.0),25/05/22 23:00:00,Q,TOTAL,ODC_CNT,NR,FI_0FITOR,2020-Q2,8,
ESTAT:MAR_TF_QM$DEFAULTVIEW(1.0),25/05/22 23:00:00,Q,TOTAL,ODC_CNT,NR,FI_0FITOR,2020-Q3,8,
ESTAT:MAR_TF_QM$DEFAULTVIEW(1.0),25/05/22 23:00:00,Q,TOTAL,ODC_CNT,NR,FI_0FITOR,2020-Q4,12,
ESTAT:MAR_TF_QM$DEFAULTVIEW(1.0),25/05/22 23:00:00,Q,TOTAL,ODC_CNT,NR,FI_0FIUKI,2020-Q3,1,
ESTAT:MAR_TF_QM$DEFAULTVIEW(1.0),25/05/22 23:00:00,Q,TOTAL,ODC_CNT,NR,FI_0FIUKI,2020-Q4,1,
ESTAT:MAR_TF_QM$DEFAULTVIEW(1.0),25/05/22 23:00:00,Q,TOTAL,ODC_CNT,NR,FI_0FIVAA,2020-Q4,1,
ESTAT:MAR_TF_QM$DEFAULTVIEW(1.0),25/05/22 23:00:00,Q,TOTAL,ODC_CNT,NR,FR,2020-Q1,958,
ESTAT:MAR_TF_QM$DEFAULTVIEW(1.0),25/05/22 23:00:00,Q,TOTAL,ODC_CNT,NR,FR,2020-Q2,974,
ESTAT:MAR_TF_QM$DEFAULTVIEW(1.0),25/05/22 23:00:00,Q,TOTAL,ODC_CNT,NR,FR,2020-Q3,937,
ESTAT:MAR_TF_QM$DEFAULTVIEW(1.0),25/05/22 23:00:00,Q,TOTAL,ODC_CNT,NR,FR,2020-Q4,1070,
ESTAT:MAR_TF_QM$DEFAULTVIEW(1.0),25/05/22 23:00:00,Q,TOTAL,ODC_CNT,NR,FR_1,2020-Q1,591,
ESTAT:MAR_TF_QM$DEFAULTVIEW(1.0),25/05/22 23:00:00,Q,TOTAL,ODC_CNT,NR,FR_1,2020-Q2,591,
ESTAT:MAR_TF_QM$DEFAULTVIEW(1.0),25/05/22 23:00:00,Q,TOTAL,ODC_CNT,NR,FR_1,2020-Q3,602,
ESTAT:MAR_TF_QM$DEFAULTVIEW(1.0),25/05/22 23:00:00,Q,TOTAL,ODC_CNT,NR,FR_1,2020-Q4,663,
ESTAT:MAR_TF_QM$DEFAULTVIEW(1.0),25/05/22 23:00:00,Q,TOTAL,ODC_CNT,NR,FR_1FRBES,2020-Q1,18,
ESTAT:MAR_TF_QM$DEFAULTVIEW(1.0),25/05/22 23:00:00,Q,TOTAL,ODC_CNT,NR,FR_1FRBES,2020-Q2,22,
ESTAT:MAR_TF_QM$DEFAULTVIEW(1.0),25/05/22 23:00:00,Q,TOTAL,ODC_CNT,NR,FR_1FRBES,2020-Q3,21,
ESTAT:MAR_TF_QM$DEFAULTVIEW(1.0),25/05/22 23:00:00,Q,TOTAL,ODC_CNT,NR,FR_1FRBES,2020-Q4,24,
ESTAT:MAR_TF_QM$DEFAULTVIEW(1.0),25/05/22 23:00:00,Q,TOTAL,ODC_CNT,NR,FR_1FRBOD,2020-Q1,6,
ESTAT:MAR_TF_QM$DEFAULTVIEW(1.0),25/05/22 23:00:00,Q,TOTAL,ODC_CNT,NR,FR_1FRBOD,2020-Q2,13,
ESTAT:MAR_TF_QM$DEFAULTVIEW(1.0),25/05/22 23:00:00,Q,TOTAL,ODC_CNT,NR,FR_1FRBOD,2020-Q3,13,
ESTAT:MAR_TF_QM$DEFAULTVIEW(1.0),25/05/22 23:00:00,Q,TOTAL,ODC_CNT,NR,FR_1FRBOD,2020-Q4,9,
ESTAT:MAR_TF_QM$DEFAULTVIEW(1.0),25/05/22 23:00:00,Q,TOTAL,ODC_CNT,NR,FR_1FRCER,2020-Q1,2,
ESTAT:MAR_TF_QM$DEFAULTVIEW(1.0),25/05/22 23:00:00,Q,TOTAL,ODC_CNT,NR,FR_1FRDKK,2020-Q1,125,
ESTAT:MAR_TF_QM$DEFAULTVIEW(1.0),25/05/22 23:00:00,Q,TOTAL,ODC_CNT,NR,FR_1FRDKK,2020-Q2,116,
ESTAT:MAR_TF_QM$DEFAULTVIEW(1.0),25/05/22 23:00:00,Q,TOTAL,ODC_CNT,NR,FR_1FRDKK,2020-Q3,109,
ESTAT:MAR_TF_QM$DEFAULTVIEW(1.0),25/05/22 23:00:00,Q,TOTAL,ODC_CNT,NR,FR_1FRDKK,2020-Q4,122,
ESTAT:MAR_TF_QM$DEFAULTVIEW(1.0),25/05/22 23:00:00,Q,TOTAL,ODC_CNT,NR,FR_1FRLEH,2020-Q1,390,
ESTAT:MAR_TF_QM$DEFAULTVIEW(1.0),25/05/22 23:00:00,Q,TOTAL,ODC_CNT,NR,FR_1FRLEH,2020-Q2,435,
ESTAT:MAR_TF_QM$DEFAULTVIEW(1.0),25/05/22 23:00:00,Q,TOTAL,ODC_CNT,NR,FR_1FRLEH,2020-Q3,451,
ESTAT:MAR_TF_QM$DEFAULTVIEW(1.0),25/05/22 23:00:00,Q,TOTAL,ODC_CNT,NR,FR_1FRLEH,2020-Q4,446,
ESTAT:MAR_TF_QM$DEFAULTVIEW(1.0),25/05/22 23:00:00,Q,TOTAL,ODC_CNT,NR,FR_1FRLRH,2020-Q1,1,
ESTAT:MAR_TF_QM$DEFAULTVIEW(1.0),25/05/22 23:00:00,Q,TOTAL,ODC_CNT,NR,FR_1FRLRH,2020-Q2,3,
ESTAT:MAR_TF_QM$DEFAULTVIEW(1.0),25/05/22 23:00:00,Q,TOTAL,ODC_CNT,NR,FR_1FRLRH,2020-Q3,6,
ESTAT:MAR_TF_QM$DEFAULTVIEW(1.0),25/05/22 23:00:00,Q,TOTAL,ODC_CNT,NR,FR_1FRLRH,2020-Q4,5,
ESTAT:MAR_TF_QM$DEFAULTVIEW(1.0),25/05/22 23:00:00,Q,TOTAL,ODC_CNT,NR,FR_1FRNTE,2020-Q1,46,
ESTAT:MAR_TF_QM$DEFAULTVIEW(1.0),25/05/22 23:00:00,Q,TOTAL,ODC_CNT,NR,FR_1FRNTE,2020-Q4,56,
ESTAT:MAR_TF_QM$DEFAULTVIEW(1.0),25/05/22 23:00:00,Q,TOTAL,ODC_CNT,NR,FR_1FRURO,2020-Q1,3,
ESTAT:MAR_TF_QM$DEFAULTVIEW(1.0),25/05/22 23:00:00,Q,TOTAL,ODC_CNT,NR,FR_1FRURO,2020-Q2,2,
ESTAT:MAR_TF_QM$DEFAULTVIEW(1.0),25/05/22 23:00:00,Q,TOTAL,ODC_CNT,NR,FR_1FRURO,2020-Q3,2,
ESTAT:MAR_TF_QM$DEFAULTVIEW(1.0),25/05/22 23:00:00,Q,TOTAL,ODC_CNT,NR,FR_1FRURO,2020-Q4,1,
ESTAT:MAR_TF_QM$DEFAULTVIEW(1.0),25/05/22 23:00:00,Q,TOTAL,ODC_CNT,NR,FR_2,2020-Q1,277,
ESTAT:MAR_TF_QM$DEFAULTVIEW(1.0),25/05/22 23:00:00,Q,TOTAL,ODC_CNT,NR,FR_2,2020-Q2,303,
ESTAT:MAR_TF_QM$DEFAULTVIEW(1.0),25/05/22 23:00:00,Q,TOTAL,ODC_CNT,NR,FR_2,2020-Q3,335,
ESTAT:MAR_TF_QM$DEFAULTVIEW(1.0),25/05/22 23:00:00,Q,TOTAL,ODC_CNT,NR,FR_2,2020-Q4,321,
ESTAT:MAR_TF_QM$DEFAULTVIEW(1.0),25/05/22 23:00:00,Q,TOTAL,ODC_CNT,NR,FR_2FRMRS,2020-Q1,277,
ESTAT:MAR_TF_QM$DEFAULTVIEW(1.0),25/05/22 23:00:00,Q,TOTAL,ODC_CNT,NR,FR_2FRMRS,2020-Q2,303,
ESTAT:MAR_TF_QM$DEFAULTVIEW(1.0),25/05/22 23:00:00,Q,TOTAL,ODC_CNT,NR,FR_2FRMRS,2020-Q3,335,
ESTAT:MAR_TF_QM$DEFAULTVIEW(1.0),25/05/22 23:00:00,Q,TOTAL,ODC_CNT,NR,FR_2FRMRS,2020-Q4,321,
ESTAT:MAR_TF_QM$DEFAULTVIEW(1.0),25/05/22 23:00:00,Q,TOTAL,ODC_CNT,NR,FR_4,2020-Q1,90,
ESTAT:MAR_TF_QM$DEFAULTVIEW(1.0),25/05/22 23:00:00,Q,TOTAL,ODC_CNT,NR,FR_4,2020-Q2,80,
ESTAT:MAR_TF_QM$DEFAULTVIEW(1.0),25/05/22 23:00:00,Q,TOTAL,ODC_CNT,NR,FR_4,2020-Q4,86,
ESTAT:MAR_TF_QM$DEFAULTVIEW(1.0),25/05/22 23:00:00,Q,TOTAL,ODC_CNT,NR,FR_4GPPTP,2020-Q1,90,
ESTAT:MAR_TF_QM$DEFAULTVIEW(1.0),25/05/22 23:00:00,Q,TOTAL,ODC_CNT,NR,FR_4GPPTP,2020-Q2,80,
ESTAT:MAR_TF_QM$DEFAULTVIEW(1.0),25/05/22 23:00:00,Q,TOTAL,ODC_CNT,NR,FR_4GPPTP,2020-Q4,86,
ESTAT:MAR_TF_QM$DEFAULTVIEW(1.0),25/05/22 23:00:00,Q,TOTAL,ODC_CNT,NR,HR,2020-Q1,120,
ESTAT:MAR_TF_QM$DEFAULTVIEW(1.0),25/05/22 23:00:00,Q,TOTAL,ODC_CNT,NR,HR,2020-Q2,130,
ESTAT:MAR_TF_QM$DEFAULTVIEW(1.0),25/05/22 23:00:00,Q,TOTAL,ODC_CNT,NR,HR,2020-Q3,128,
ESTAT:MAR_TF_QM$DEFAULTVIEW(1.0),25/05/22 23:00:00,Q,TOTAL,ODC_CNT,NR,HR,2020-Q4,122,
ESTAT:MAR_TF_QM$DEFAULTVIEW(1.0),25/05/22 23:00:00,Q,TOTAL,ODC_CNT,NR,HR_0HRPLE,2020-Q1,25,
ESTAT:MAR_TF_QM$DEFAULTVIEW(1.0),25/05/22 23:00:00,Q,TOTAL,ODC_CNT,NR,HR_0HRPLE,2020-Q2,26,
ESTAT:MAR_TF_QM$DEFAULTVIEW(1.0),25/05/22 23:00:00,Q,TOTAL,ODC_CNT,NR,HR_0HRPLE,2020-Q3,26,
ESTAT:MAR_TF_QM$DEFAULTVIEW(1.0),25/05/22 23:00:00,Q,TOTAL,ODC_CNT,NR,HR_0HRPLE,2020-Q4,24,
ESTAT:MAR_TF_QM$DEFAULTVIEW(1.0),25/05/22 23:00:00,Q,TOTAL,ODC_CNT,NR,HR_0HRRJK,2020-Q1,80,
ESTAT:MAR_TF_QM$DEFAULTVIEW(1.0),25/05/22 23:00:00,Q,TOTAL,ODC_CNT,NR,HR_0HRRJK,2020-Q2,90,
ESTAT:MAR_TF_QM$DEFAULTVIEW(1.0),25/05/22 23:00:00,Q,TOTAL,ODC_CNT,NR,HR_0HRRJK,2020-Q3,88,
ESTAT:MAR_TF_QM$DEFAULTVIEW(1.0),25/05/22 23:00:00,Q,TOTAL,ODC_CNT,NR,HR_0HRRJK,2020-Q4,86,
ESTAT:MAR_TF_QM$DEFAULTVIEW(1.0),25/05/22 23:00:00,Q,TOTAL,ODC_CNT,NR,HR_0HRSIB,2020-Q2,1,
ESTAT:MAR_TF_QM$DEFAULTVIEW(1.0),25/05/22 23:00:00,Q,TOTAL,ODC_CNT,NR,HR_0HRSPU,2020-Q1,15,
ESTAT:MAR_TF_QM$DEFAULTVIEW(1.0),25/05/22 23:00:00,Q,TOTAL,ODC_CNT,NR,HR_0HRSPU,2020-Q2,13,
ESTAT:MAR_TF_QM$DEFAULTVIEW(1.0),25/05/22 23:00:00,Q,TOTAL,ODC_CNT,NR,HR_0HRSPU,2020-Q3,14,
ESTAT:MAR_TF_QM$DEFAULTVIEW(1.0),25/05/22 23:00:00,Q,TOTAL,ODC_CNT,NR,HR_0HRSPU,2020-Q4,12,
ESTAT:MAR_TF_QM$DEFAULTVIEW(1.0),25/05/22 23:00:00,Q,TOTAL,ODC_CNT,NR,IE,2020-Q1,284,
ESTAT:MAR_TF_QM$DEFAULTVIEW(1.0),25/05/22 23:00:00,Q,TOTAL,ODC_CNT,NR,IE,2020-Q2,313,
ESTAT:MAR_TF_QM$DEFAULTVIEW(1.0),25/05/22 23:00:00,Q,TOTAL,ODC_CNT,NR,IE,2020-Q3,343,
ESTAT:MAR_TF_QM$DEFAULTVIEW(1.0),25/05/22 23:00:00,Q,TOTAL,ODC_CNT,NR,IE,2020-Q4,352,
ESTAT:MAR_TF_QM$DEFAULTVIEW(1.0),25/05/22 23:00:00,Q,TOTAL,ODC_CNT,NR,IE_0IEDUB,2020-Q1,171,
ESTAT:MAR_TF_QM$DEFAULTVIEW(1.0),25/05/22 23:00:00,Q,TOTAL,ODC_CNT,NR,IE_0IEDUB,2020-Q2,200,
ESTAT:MAR_TF_QM$DEFAULTVIEW(1.0),25/05/22 23:00:00,Q,TOTAL,ODC_CNT,NR,IE_0IEDUB,2020-Q3,213,
ESTAT:MAR_TF_QM$DEFAULTVIEW(1.0),25/05/22 23:00:00,Q,TOTAL,ODC_CNT,NR,IE_0IEDUB,2020-Q4,230,
ESTAT:MAR_TF_QM$DEFAULTVIEW(1.0),25/05/22 23:00:00,Q,TOTAL,ODC_CNT,NR,IE_0IEORK,2020-Q1,82,
ESTAT:MAR_TF_QM$DEFAULTVIEW(1.0),25/05/22 23:00:00,Q,TOTAL,ODC_CNT,NR,IE_0IEORK,2020-Q2,82,
ESTAT:MAR_TF_QM$DEFAULTVIEW(1.0),25/05/22 23:00:00,Q,TOTAL,ODC_CNT,NR,IE_0IEORK,2020-Q3,94,
ESTAT:MAR_TF_QM$DEFAULTVIEW(1.0),25/05/22 23:00:00,Q,TOTAL,ODC_CNT,NR,IE_0IEORK,2020-Q4,92,
ESTAT:MAR_TF_QM$DEFAULTVIEW(1.0),25/05/22 23:00:00,Q,TOTAL,ODC_CNT,NR,IE_0IEWAT,2020-Q1,31,
ESTAT:MAR_TF_QM$DEFAULTVIEW(1.0),25/05/22 23:00:00,Q,TOTAL,ODC_CNT,NR,IE_0IEWAT,2020-Q2,31,
ESTAT:MAR_TF_QM$DEFAULTVIEW(1.0),25/05/22 23:00:00,Q,TOTAL,ODC_CNT,NR,IE_0IEWAT,2020-Q3,36,
ESTAT:MAR_TF_QM$DEFAULTVIEW(1.0),25/05/22 23:00:00,Q,TOTAL,ODC_CNT,NR,IE_0IEWAT,2020-Q4,30,
ESTAT:MAR_TF_QM$DEFAULTVIEW(1.0),25/05/22 23:00:00,Q,TOTAL,ODC_CNT,NR,IT,2020-Q1,2103,
ESTAT:MAR_TF_QM$DEFAULTVIEW(1.0),25/05/22 23:00:00,Q,TOTAL,ODC_CNT,NR,IT,2020-Q2,2379,
ESTAT:MAR_TF_QM$DEFAULTVIEW(1.0),25/05/22 23:00:00,Q,TOTAL,ODC_CNT,NR,IT,2020-Q3,2007,
ESTAT:MAR_TF_QM$DEFAULTVIEW(1.0),25/05/22 23:00:00,Q,TOTAL,ODC_CNT,NR,IT,2020-Q4,2126,
ESTAT:MAR_TF_QM$DEFAULTVIEW(1.0),25/05/22 23:00:00,Q,TOTAL,ODC_CNT,NR,IT_0IT002,2020-Q1,1,
ESTAT:MAR_TF_QM$DEFAULTVIEW(1.0),25/05/22 23:00:00,Q,TOTAL,ODC_CNT,NR,IT_0IT004,2020-Q4,1,
ESTAT:MAR_TF_QM$DEFAULTVIEW(1.0),25/05/22 23:00:00,Q,TOTAL,ODC_CNT,NR,IT_0ITAOI,2020-Q1,93,
ESTAT:MAR_TF_QM$DEFAULTVIEW(1.0),25/05/22 23:00:00,Q,TOTAL,ODC_CNT,NR,IT_0ITAOI,2020-Q2,118,
ESTAT:MAR_TF_QM$DEFAULTVIEW(1.0),25/05/22 23:00:00,Q,TOTAL,ODC_CNT,NR,IT_0ITAOI,2020-Q3,94,
ESTAT:MAR_TF_QM$DEFAULTVIEW(1.0),25/05/22 23:00:00,Q,TOTAL,ODC_CNT,NR,IT_0ITAOI,2020-Q4,95,
ESTAT:MAR_TF_QM$DEFAULTVIEW(1.0),25/05/22 23:00:00,Q,TOTAL,ODC_CNT,NR,IT_0ITAUG,2020-Q1,4,
ESTAT:MAR_TF_QM$DEFAULTVIEW(1.0),25/05/22 23:00:00,Q,TOTAL,ODC_CNT,NR,IT_0ITAUG,2020-Q3,2,
ESTAT:MAR_TF_QM$DEFAULTVIEW(1.0),25/05/22 23:00:00,Q,TOTAL,ODC_CNT,NR,IT_0ITBDS,2020-Q1,1,
ESTAT:MAR_TF_QM$DEFAULTVIEW(1.0),25/05/22 23:00:00,Q,TOTAL,ODC_CNT,NR,IT_0ITBDS,2020-Q3,1,
ESTAT:MAR_TF_QM$DEFAULTVIEW(1.0),25/05/22 23:00:00,Q,TOTAL,ODC_CNT,NR,IT_0ITBDS,2020-Q4,2,
ESTAT:MAR_TF_QM$DEFAULTVIEW(1.0),25/05/22 23:00:00,Q,TOTAL,ODC_CNT,NR,IT_0ITBLT,2020-Q4,6,
ESTAT:MAR_TF_QM$DEFAULTVIEW(1.0),25/05/22 23:00:00,Q,TOTAL,ODC_CNT,NR,IT_0ITBRI,2020-Q1,29,
ESTAT:MAR_TF_QM$DEFAULTVIEW(1.0),25/05/22 23:00:00,Q,TOTAL,ODC_CNT,NR,IT_0ITBRI,2020-Q2,13,
ESTAT:MAR_TF_QM$DEFAULTVIEW(1.0),25/05/22 23:00:00,Q,TOTAL,ODC_CNT,NR,IT_0ITBRI,2020-Q3,19,
ESTAT:MAR_TF_QM$DEFAULTVIEW(1.0),25/05/22 23:00:00,Q,TOTAL,ODC_CNT,NR,IT_0ITBRI,2020-Q4,22,
ESTAT:MAR_TF_QM$DEFAULTVIEW(1.0),25/05/22 23:00:00,Q,TOTAL,ODC_CNT,NR,IT_0ITCAG,2020-Q1,10,
ESTAT:MAR_TF_QM$DEFAULTVIEW(1.0),25/05/22 23:00:00,Q,TOTAL,ODC_CNT,NR,IT_0ITCAG,2020-Q2,18,
ESTAT:MAR_TF_QM$DEFAULTVIEW(1.0),25/05/22 23:00:00,Q,TOTAL,ODC_CNT,NR,IT_0ITCAG,2020-Q3,13,
ESTAT:MAR_TF_QM$DEFAULTVIEW(1.0),25/05/22 23:00:00,Q,TOTAL,ODC_CNT,NR,IT_0ITCAG,2020-Q4,13,
ESTAT:MAR_TF_QM$DEFAULTVIEW(1.0),25/05/22 23:00:00,Q,TOTAL,ODC_CNT,NR,IT_0ITCHI,2020-Q4,1,
ESTAT:MAR_TF_QM$DEFAULTVIEW(1.0),25/05/22 23:00:00,Q,TOTAL,ODC_CNT,NR,IT_0ITCTA,2020-Q1,36,
ESTAT:MAR_TF_QM$DEFAULTVIEW(1.0),25/05/22 23:00:00,Q,TOTAL,ODC_CNT,NR,IT_0ITCTA,2020-Q2,31,
ESTAT:MAR_TF_QM$DEFAULTVIEW(1.0),25/05/22 23:00:00,Q,TOTAL,ODC_CNT,NR,IT_0ITCTA,2020-Q3,33,
ESTAT:MAR_TF_QM$DEFAULTVIEW(1.0),25/05/22 23:00:00,Q,TOTAL,ODC_CNT,NR,IT_0ITCTA,2020-Q4,31,
ESTAT:MAR_TF_QM$DEFAULTVIEW(1.0),25/05/22 23:00:00,Q,TOTAL,ODC_CNT,NR,IT_0ITCVV,2020-Q1,54,
ESTAT:MAR_TF_QM$DEFAULTVIEW(1.0),25/05/22 23:00:00,Q,TOTAL,ODC_CNT,NR,IT_0ITCVV,2020-Q2,61,
ESTAT:MAR_TF_QM$DEFAULTVIEW(1.0),25/05/22 23:00:00,Q,TOTAL,ODC_CNT,NR,IT_0ITCVV,2020-Q3,40,
ESTAT:MAR_TF_QM$DEFAULTVIEW(1.0),25/05/22 23:00:00,Q,TOTAL,ODC_CNT,NR,IT_0ITCVV,2020-Q4,43,
ESTAT:MAR_TF_QM$DEFAULTVIEW(1.0),25/05/22 23:00:00,Q,TOTAL,ODC_CNT,NR,IT_0ITGIT,2020-Q1,308,
ESTAT:MAR_TF_QM$DEFAULTVIEW(1.0),25/05/22 23:00:00,Q,TOTAL,ODC_CNT,NR,IT_0ITGIT,2020-Q2,345,
ESTAT:MAR_TF_QM$DEFAULTVIEW(1.0),25/05/22 23:00:00,Q,TOTAL,ODC_CNT,NR,IT_0ITGIT,2020-Q3,323,
ESTAT:MAR_TF_QM$DEFAULTVIEW(1.0),25/05/22 23:00:00,Q,TOTAL,ODC_CNT,NR,IT_0ITGIT,2020-Q4,327,
ESTAT:MAR_TF_QM$DEFAULTVIEW(1.0),25/05/22 23:00:00,Q,TOTAL,ODC_CNT,NR,IT_0ITGOA,2020-Q1,453,
ESTAT:MAR_TF_QM$DEFAULTVIEW(1.0),25/05/22 23:00:00,Q,TOTAL,ODC_CNT,NR,IT_0ITGOA,2020-Q2,477,
ESTAT:MAR_TF_QM$DEFAULTVIEW(1.0),25/05/22 23:00:00,Q,TOTAL,ODC_CNT,NR,IT_0ITGOA,2020-Q3,386,
ESTAT:MAR_TF_QM$DEFAULTVIEW(1.0),25/05/22 23:00:00,Q,TOTAL,ODC_CNT,NR,IT_0ITGOA,2020-Q4,385,
ESTAT:MAR_TF_QM$DEFAULTVIEW(1.0),25/05/22 23:00:00,Q,TOTAL,ODC_CNT,NR,IT_0ITLIV,2020-Q1,156,
ESTAT:MAR_TF_QM$DEFAULTVIEW(1.0),25/05/22 23:00:00,Q,TOTAL,ODC_CNT,NR,IT_0ITLIV,2020-Q2,173,
ESTAT:MAR_TF_QM$DEFAULTVIEW(1.0),25/05/22 23:00:00,Q,TOTAL,ODC_CNT,NR,IT_0ITLIV,2020-Q3,153,
ESTAT:MAR_TF_QM$DEFAULTVIEW(1.0),25/05/22 23:00:00,Q,TOTAL,ODC_CNT,NR,IT_0ITLIV,2020-Q4,169,
ESTAT:MAR_TF_QM$DEFAULTVIEW(1.0),25/05/22 23:00:00,Q,TOTAL,ODC_CNT,NR,IT_0ITMDC,2020-Q1,10,
ESTAT:MAR_TF_QM$DEFAULTVIEW(1.0),25/05/22 23:00:00,Q,TOTAL,ODC_CNT,NR,IT_0ITMDC,2020-Q2,18,
ESTAT:MAR_TF_QM$DEFAULTVIEW(1.0),25/05/22 23:00:00,Q,TOTAL,ODC_CNT,NR,IT_0ITMDC,2020-Q3,13,
ESTAT:MAR_TF_QM$DEFAULTVIEW(1.0),25/05/22 23:00:00,Q,TOTAL,ODC_CNT,NR,IT_0ITMDC,2020-Q4,8,
ESTAT:MAR_TF_QM$DEFAULTVIEW(1.0),25/05/22 23:00:00,Q,TOTAL,ODC_CNT,NR,IT_0ITMNF,2020-Q1,1,
ESTAT:MAR_TF_QM$DEFAULTVIEW(1.0),25/05/22 23:00:00,Q,TOTAL,ODC_CNT,NR,IT_0ITMNF,2020-Q2,1,
ESTAT:MAR_TF_QM$DEFAULTVIEW(1.0),25/05/22 23:00:00,Q,TOTAL,ODC_CNT,NR,IT_0ITMNF,2020-Q3,2,
ESTAT:MAR_TF_QM$DEFAULTVIEW(1.0),25/05/22 23:00:00,Q,TOTAL,ODC_CNT,NR,IT_0ITMNF,2020-Q4,1,
ESTAT:MAR_TF_QM$DEFAULTVIEW(1.0),25/05/22 23:00:00,Q,TOTAL,ODC_CNT,NR,IT_0ITNAP,2020-Q1,102,
ESTAT:MAR_TF_QM$DEFAULTVIEW(1.0),25/05/22 23:00:00,Q,TOTAL,ODC_CNT,NR,IT_0ITNAP,2020-Q2,128,
ESTAT:MAR_TF_QM$DEFAULTVIEW(1.0),25/05/22 23:00:00,Q,TOTAL,ODC_CNT,NR,IT_0ITNAP,2020-Q3,117,
ESTAT:MAR_TF_QM$DEFAULTVIEW(1.0),25/05/22 23:00:00,Q,TOTAL,ODC_CNT,NR,IT_0ITNAP,2020-Q4,125,
ESTAT:MAR_TF_QM$DEFAULTVIEW(1.0),25/05/22 23:00:00,Q,TOTAL,ODC_CNT,NR,IT_0ITOTN,2020-Q1,1,
ESTAT:MAR_TF_QM$DEFAULTVIEW(1.0),25/05/22 23:00:00,Q,TOTAL,ODC_CNT,NR,IT_0ITOTN,2020-Q3,1,
ESTAT:MAR_TF_QM$DEFAULTVIEW(1.0),25/05/22 23:00:00,Q,TOTAL,ODC_CNT,NR,IT_0ITOTN,2020-Q4,3,
ESTAT:MAR_TF_QM$DEFAULTVIEW(1.0),25/05/22 23:00:00,Q,TOTAL,ODC_CNT,NR,IT_0ITPIO,2020-Q2,1,
ESTAT:MAR_TF_QM$DEFAULTVIEW(1.0),25/05/22 23:00:00,Q,TOTAL,ODC_CNT,NR,IT_0ITPIO,2020-Q4,3,
ESTAT:MAR_TF_QM$DEFAULTVIEW(1.0),25/05/22 23:00:00,Q,TOTAL,ODC_CNT,NR,IT_0ITPMO,2020-Q1,15,
ESTAT:MAR_TF_QM$DEFAULTVIEW(1.0),25/05/22 23:00:00,Q,TOTAL,ODC_CNT,NR,IT_0ITPMO,2020-Q2,9,
ESTAT:MAR_TF_QM$DEFAULTVIEW(1.0),25/05/22 23:00:00,Q,TOTAL,ODC_CNT,NR,IT_0ITPMO,2020-Q3,14,
ESTAT:MAR_TF_QM$DEFAULTVIEW(1.0),25/05/22 23:00:00,Q,TOTAL,ODC_CNT,NR,IT_0ITPMO,2020-Q4,17,
ESTAT:MAR_TF_QM$DEFAULTVIEW(1.0),25/05/22 23:00:00,Q,TOTAL,ODC_CNT,NR,IT_0ITPNG,2020-Q2,2,
ESTAT:MAR_TF_QM$DEFAULTVIEW(1.0),25/05/22 23:00:00,Q,TOTAL,ODC_CNT,NR,IT_0ITPNG,2020-Q4,3,
ESTAT:MAR_TF_QM$DEFAULTVIEW(1.0),25/05/22 23:00:00,Q,TOTAL,ODC_CNT,NR,IT_0ITPSS,2020-Q2,1,
ESTAT:MAR_TF_QM$DEFAULTVIEW(1.0),25/05/22 23:00:00,Q,TOTAL,ODC_CNT,NR,IT_0ITPZL,2020-Q1,10,
ESTAT:MAR_TF_QM$DEFAULTVIEW(1.0),25/05/22 23:00:00,Q,TOTAL,ODC_CNT,NR,IT_0ITPZL,2020-Q2,10,
ESTAT:MAR_TF_QM$DEFAULTVIEW(1.0),25/05/22 23:00:00,Q,TOTAL,ODC_CNT,NR,IT_0ITPZL,2020-Q3,7,
ESTAT:MAR_TF_QM$DEFAULTVIEW(1.0),25/05/22 23:00:00,Q,TOTAL,ODC_CNT,NR,IT_0ITPZL,2020-Q4,6,
ESTAT:MAR_TF_QM$DEFAULTVIEW(1.0),25/05/22 23:00:00,Q,TOTAL,ODC_CNT,NR,IT_0ITQOS,2020-Q1,1,
ESTAT:MAR_TF_QM$DEFAULTVIEW(1.0),25/05/22 23:00:00,Q,TOTAL,ODC_CNT,NR,IT_0ITQOS,2020-Q2,2,
ESTAT:MAR_TF_QM$DEFAULTVIEW(1.0),25/05/22 23:00:00,Q,TOTAL,ODC_CNT,NR,IT_0ITQOS,2020-Q3,4,
ESTAT:MAR_TF_QM$DEFAULTVIEW(1.0),25/05/22 23:00:00,Q,TOTAL,ODC_CNT,NR,IT_0ITQOS,2020-Q4,4,
ESTAT:MAR_TF_QM$DEFAULTVIEW(1.0),25/05/22 23:00:00,Q,TOTAL,ODC_CNT,NR,IT_0ITRAN,2020-Q1,111,
ESTAT:MAR_TF_QM$DEFAULTVIEW(1.0),25/05/22 23:00:00,Q,TOTAL,ODC_CNT,NR,IT_0ITRAN,2020-Q2,143,
ESTAT:MAR_TF_QM$DEFAULTVIEW(1.0),25/05/22 23:00:00,Q,TOTAL,ODC_CNT,NR,IT_0ITRAN,2020-Q3,102,
ESTAT:MAR_TF_QM$DEFAULTVIEW(1.0),25/05/22 23:00:00,Q,TOTAL,ODC_CNT,NR,IT_0ITRAN,2020-Q4,119,
ESTAT:MAR_TF_QM$DEFAULTVIEW(1.0),25/05/22 23:00:00,Q,TOTAL,ODC_CNT,NR,IT_0ITSAL,2020-Q1,137,
ESTAT:MAR_TF_QM$DEFAULTVIEW(1.0),25/05/22 23:00:00,Q,TOTAL,ODC_CNT,NR,IT_0ITSAL,2020-Q2,127,
ESTAT:MAR_TF_QM$DEFAULTVIEW(1.0),25/05/22 23:00:00,Q,TOTAL,ODC_CNT,NR,IT_0ITSAL,2020-Q3,135,
ESTAT:MAR_TF_QM$DEFAULTVIEW(1.0),25/05/22 23:00:00,Q,TOTAL,ODC_CNT,NR,IT_0ITSAL,2020-Q4,141,
ESTAT:MAR_TF_QM$DEFAULTVIEW(1.0),25/05/22 23:00:00,Q,TOTAL,ODC_CNT,NR,IT_0ITSPE,2020-Q1,206,
ESTAT:MAR_TF_QM$DEFAULTVIEW(1.0),25/05/22 23:00:00,Q,TOTAL,ODC_CNT,NR,IT_0ITSPE,2020-Q2,278,
ESTAT:MAR_TF_QM$DEFAULTVIEW(1.0),25/05/22 23:00:00,Q,TOTAL,ODC_CNT,NR,IT_0ITSPE,2020-Q3,177,
ESTAT:MAR_TF_QM$DEFAULTVIEW(1.0),25/05/22 23:00:00,Q,TOTAL,ODC_CNT,NR,IT_0ITSPE,2020-Q4,185,
ESTAT:MAR_TF_QM$DEFAULTVIEW(1.0),25/05/22 23:00:00,Q,TOTAL,ODC_CNT,NR,IT_0ITSVN,2020-Q1,43,
ESTAT:MAR_TF_QM$DEFAULTVIEW(1.0),25/05/22 23:00:00,Q,TOTAL,ODC_CNT,NR,IT_0ITSVN,2020-Q2,86,
ESTAT:MAR_TF_QM$DEFAULTVIEW(1.0),25/05/22 23:00:00,Q,TOTAL,ODC_CNT,NR,IT_0ITSVN,2020-Q3,66,
ESTAT:MAR_TF_QM$DEFAULTVIEW(1.0),25/05/22 23:00:00,Q,TOTAL,ODC_CNT,NR,IT_0ITSVN,2020-Q4,92,
ESTAT:MAR_TF_QM$DEFAULTVIEW(1.0),25/05/22 23:00:00,Q,TOTAL,ODC_CNT,NR,IT_0ITTAR,2020-Q2,2,
ESTAT:MAR_TF_QM$DEFAULTVIEW(1.0),25/05/22 23:00:00,Q,TOTAL,ODC_CNT,NR,IT_0ITTAR,2020-Q3,23,
ESTAT:MAR_TF_QM$DEFAULTVIEW(1.0),25/05/22 23:00:00,Q,TOTAL,ODC_CNT,NR,IT_0ITTAR,2020-Q4,26,
ESTAT:MAR_TF_QM$DEFAULTVIEW(1.0),25/05/22 23:00:00,Q,TOTAL,ODC_CNT,NR,IT_0ITTPS,2020-Q1,12,
ESTAT:MAR_TF_QM$DEFAULTVIEW(1.0),25/05/22 23:00:00,Q,TOTAL,ODC_CNT,NR,IT_0ITTPS,2020-Q2,8,
ESTAT:MAR_TF_QM$DEFAULTVIEW(1.0),25/05/22 23:00:00,Q,TOTAL,ODC_CNT,NR,IT_0ITTPS,2020-Q3,14,
ESTAT:MAR_TF_QM$DEFAULTVIEW(1.0),25/05/22 23:00:00,Q,TOTAL,ODC_CNT,NR,IT_0ITTPS,2020-Q4,13,
ESTAT:MAR_TF_QM$DEFAULTVIEW(1.0),25/05/22 23:00:00,Q,TOTAL,ODC_CNT,NR,IT_0ITTRS,2020-Q1,124,
ESTAT:MAR_TF_QM$DEFAULTVIEW(1.0),25/05/22 23:00:00,Q,TOTAL,ODC_CNT,NR,IT_0ITTRS,2020-Q2,159,
ESTAT:MAR_TF_QM$DEFAULTVIEW(1.0),25/05/22 23:00:00,Q,TOTAL,ODC_CNT,NR,IT_0ITTRS,2020-Q3,141,
ESTAT:MAR_TF_QM$DEFAULTVIEW(1.0),25/05/22 23:00:00,Q,TOTAL,ODC_CNT,NR,IT_0ITTRS,2020-Q4,115,
ESTAT:MAR_TF_QM$DEFAULTVIEW(1.0),25/05/22 23:00:00,Q,TOTAL,ODC_CNT,NR,IT_0ITVCE,2020-Q1,185,
ESTAT:MAR_TF_QM$DEFAULTVIEW(1.0),25/05/22 23:00:00,Q,TOTAL,ODC_CNT,NR,IT_0ITVCE,2020-Q2,168,
ESTAT:MAR_TF_QM$DEFAULTVIEW(1.0),25/05/22 23:00:00,Q,TOTAL,ODC_CNT,NR,IT_0ITVCE,2020-Q3,127,
ESTAT:MAR_TF_QM$DEFAULTVIEW(1.0),25/05/22 23:00:00,Q,TOTAL,ODC_CNT,NR,IT_0ITVCE,2020-Q4,170,
ESTAT:MAR_TF_QM$DEFAULTVIEW(1.0),25/05/22 23:00:00,Q,TOTAL,ODC_CNT,NR,LT,2020-Q1,208,
ESTAT:MAR_TF_QM$DEFAULTVIEW(1.0),25/05/22 23:00:00,Q,TOTAL,ODC_CNT,NR,LT,2020-Q2,160,
ESTAT:MAR_TF_QM$DEFAULTVIEW(1.0),25/05/22 23:00:00,Q,TOTAL,ODC_CNT,NR,LT,2020-Q3,175,
ESTAT:MAR_TF_QM$DEFAULTVIEW(1.0),25/05/22 23:00:00,Q,TOTAL,ODC_CNT,NR,LT,2020-Q4,177,
ESTAT:MAR_TF_QM$DEFAULTVIEW(1.0),25/05/22 23:00:00,Q,TOTAL,ODC_CNT,NR,LT_0LTKLJ,2020-Q1,208,
ESTAT:MAR_TF_QM$DEFAULTVIEW(1.0),25/05/22 23:00:00,Q,TOTAL,ODC_CNT,NR,LT_0LTKLJ,2020-Q2,160,
ESTAT:MAR_TF_QM$DEFAULTVIEW(1.0),25/05/22 23:00:00,Q,TOTAL,ODC_CNT,NR,LT_0LTKLJ,2020-Q3,175,
ESTAT:MAR_TF_QM$DEFAULTVIEW(1.0),25/05/22 23:00:00,Q,TOTAL,ODC_CNT,NR,LT_0LTKLJ,2020-Q4,177,
ESTAT:MAR_TF_QM$DEFAULTVIEW(1.0),25/05/22 23:00:00,Q,TOTAL,ODC_CNT,NR,LV,2020-Q1,133,
ESTAT:MAR_TF_QM$DEFAULTVIEW(1.0),25/05/22 23:00:00,Q,TOTAL,ODC_CNT,NR,LV,2020-Q2,121,
ESTAT:MAR_TF_QM$DEFAULTVIEW(1.0),25/05/22 23:00:00,Q,TOTAL,ODC_CNT,NR,LV,2020-Q3,114,
ESTAT:MAR_TF_QM$DEFAULTVIEW(1.0),25/05/22 23:00:00,Q,TOTAL,ODC_CNT,NR,LV,2020-Q4,111,
ESTAT:MAR_TF_QM$DEFAULTVIEW(1.0),25/05/22 23:00:00,Q,TOTAL,ODC_CNT,NR,LV_0LVRIX,2020-Q1,133,
ESTAT:MAR_TF_QM$DEFAULTVIEW(1.0),25/05/22 23:00:00,Q,TOTAL,ODC_CNT,NR,LV_0LVRIX,2020-Q2,121,
ESTAT:MAR_TF_QM$DEFAULTVIEW(1.0),25/05/22 23:00:00,Q,TOTAL,ODC_CNT,NR,LV_0LVRIX,2020-Q3,114,
ESTAT:MAR_TF_QM$DEFAULTVIEW(1.0),25/05/22 23:00:00,Q,TOTAL,ODC_CNT,NR,LV_0LVRIX,2020-Q4,111,
ESTAT:MAR_TF_QM$DEFAULTVIEW(1.0),25/05/22 23:00:00,Q,TOTAL,ODC_CNT,NR,ME,2020-Q1,36,
ESTAT:MAR_TF_QM$DEFAULTVIEW(1.0),25/05/22 23:00:00,Q,TOTAL,ODC_CNT,NR,ME,2020-Q2,24,
ESTAT:MAR_TF_QM$DEFAULTVIEW(1.0),25/05/22 23:00:00,Q,TOTAL,ODC_CNT,NR,ME,2020-Q3,33,
ESTAT:MAR_TF_QM$DEFAULTVIEW(1.0),25/05/22 23:00:00,Q,TOTAL,ODC_CNT,NR,ME,2020-Q4,40,
ESTAT:MAR_TF_QM$DEFAULTVIEW(1.0),25/05/22 23:00:00,Q,TOTAL,ODC_CNT,NR,ME_0MEBAR,2020-Q1,36,
ESTAT:MAR_TF_QM$DEFAULTVIEW(1.0),25/05/22 23:00:00,Q,TOTAL,ODC_CNT,NR,ME_0MEBAR,2020-Q2,24,
ESTAT:MAR_TF_QM$DEFAULTVIEW(1.0),25/05/22 23:00:00,Q,TOTAL,ODC_CNT,NR,ME_0MEBAR,2020-Q3,33,
ESTAT:MAR_TF_QM$DEFAULTVIEW(1.0),25/05/22 23:00:00,Q,TOTAL,ODC_CNT,NR,ME_0MEBAR,2020-Q4,40,
ESTAT:MAR_TF_QM$DEFAULTVIEW(1.0),25/05/22 23:00:00,Q,TOTAL,ODC_CNT,NR,MT,2020-Q1,423,
ESTAT:MAR_TF_QM$DEFAULTVIEW(1.0),25/05/22 23:00:00,Q,TOTAL,ODC_CNT,NR,MT,2020-Q2,329,
ESTAT:MAR_TF_QM$DEFAULTVIEW(1.0),25/05/22 23:00:00,Q,TOTAL,ODC_CNT,NR,MT,2020-Q3,493,
ESTAT:MAR_TF_QM$DEFAULTVIEW(1.0),25/05/22 23:00:00,Q,TOTAL,ODC_CNT,NR,MT,2020-Q4,617,
ESTAT:MAR_TF_QM$DEFAULTVIEW(1.0),25/05/22 23:00:00,Q,TOTAL,ODC_CNT,NR,MT_0MTMAR,2020-Q1,388,
ESTAT:MAR_TF_QM$DEFAULTVIEW(1.0),25/05/22 23:00:00,Q,TOTAL,ODC_CNT,NR,MT_0MTMAR,2020-Q2,301,
ESTAT:MAR_TF_QM$DEFAULTVIEW(1.0),25/05/22 23:00:00,Q,TOTAL,ODC_CNT,NR,MT_0MTMAR,2020-Q3,442,
ESTAT:MAR_TF_QM$DEFAULTVIEW(1.0),25/05/22 23:00:00,Q,TOTAL,ODC_CNT,NR,MT_0MTMAR,2020-Q4,531,
ESTAT:MAR_TF_QM$DEFAULTVIEW(1.0),25/05/22 23:00:00,Q,TOTAL,ODC_CNT,NR,MT_0MTMLA,2020-Q1,35,
ESTAT:MAR_TF_QM$DEFAULTVIEW(1.0),25/05/22 23:00:00,Q,TOTAL,ODC_CNT,NR,MT_0MTMLA,2020-Q2,28,
ESTAT:MAR_TF_QM$DEFAULTVIEW(1.0),25/05/22 23:00:00,Q,TOTAL,ODC_CNT,NR,MT_0MTMLA,2020-Q3,51,
ESTAT:MAR_TF_QM$DEFAULTVIEW(1.0),25/05/22 23:00:00,Q,TOTAL,ODC_CNT,NR,MT_0MTMLA,2020-Q4,86,
ESTAT:MAR_TF_QM$DEFAULTVIEW(1.0),25/05/22 23:00:00,Q,TOTAL,ODC_CNT,NR,NL,2020-Q1,1360,
ESTAT:MAR_TF_QM$DEFAULTVIEW(1.0),25/05/22 23:00:00,Q,TOTAL,ODC_CNT,NR,NL,2020-Q2,1326,
ESTAT:MAR_TF_QM$DEFAULTVIEW(1.0),25/05/22 23:00:00,Q,TOTAL,ODC_CNT,NR,NL,2020-Q3,1487,
ESTAT:MAR_TF_QM$DEFAULTVIEW(1.0),25/05/22 23:00:00,Q,TOTAL,ODC_CNT,NR,NL,2020-Q4,1463,
ESTAT:MAR_TF_QM$DEFAULTVIEW(1.0),25/05/22 23:00:00,Q,TOTAL,ODC_CNT,NR,NL_0NLAMS,2020-Q1,15,
ESTAT:MAR_TF_QM$DEFAULTVIEW(1.0),25/05/22 23:00:00,Q,TOTAL,ODC_CNT,NR,NL_0NLAMS,2020-Q2,2,
ESTAT:MAR_TF_QM$DEFAULTVIEW(1.0),25/05/22 23:00:00,Q,TOTAL,ODC_CNT,NR,NL_0NLAMS,2020-Q3,20,
ESTAT:MAR_TF_QM$DEFAULTVIEW(1.0),25/05/22 23:00:00,Q,TOTAL,ODC_CNT,NR,NL_0NLAMS,2020-Q4,27,
ESTAT:MAR_TF_QM$DEFAULTVIEW(1.0),25/05/22 23:00:00,Q,TOTAL,ODC_CNT,NR,NL_0NLMOE,2020-Q1,99,
ESTAT:MAR_TF_QM$DEFAULTVIEW(1.0),25/05/22 23:00:00,Q,TOTAL,ODC_CNT,NR,NL_0NLMOE,2020-Q2,118,
ESTAT:MAR_TF_QM$DEFAULTVIEW(1.0),25/05/22 23:00:00,Q,TOTAL,ODC_CNT,NR,NL_0NLMOE,2020-Q3,121,
ESTAT:MAR_TF_QM$DEFAULTVIEW(1.0),25/05/22 23:00:00,Q,TOTAL,ODC_CNT,NR,NL_0NLMOE,2020-Q4,127,
ESTAT:MAR_TF_QM$DEFAULTVIEW(1.0),25/05/22 23:00:00,Q,TOTAL,ODC_CNT,NR,NL_0NLRTM,2020-Q1,1202,
ESTAT:MAR_TF_QM$DEFAULTVIEW(1.0),25/05/22 23:00:00,Q,TOTAL,ODC_CNT,NR,NL_0NLRTM,2020-Q2,1177,
ESTAT:MAR_TF_QM$DEFAULTVIEW(1.0),25/05/22 23:00:00,Q,TOTAL,ODC_CNT,NR,NL_0NLRTM,2020-Q3,1301,
ESTAT:MAR_TF_QM$DEFAULTVIEW(1.0),25/05/22 23:00:00,Q,TOTAL,ODC_CNT,NR,NL_0NLRTM,2020-Q4,1253,
ESTAT:MAR_TF_QM$DEFAULTVIEW(1.0),25/05/22 23:00:00,Q,TOTAL,ODC_CNT,NR,NL_0NLVLA,2020-Q4,1,
ESTAT:MAR_TF_QM$DEFAULTVIEW(1.0),25/05/22 23:00:00,Q,TOTAL,ODC_CNT,NR,NL_0NLZSP,2020-Q1,44,
ESTAT:MAR_TF_QM$DEFAULTVIEW(1.0),25/05/22 23:00:00,Q,TOTAL,ODC_CNT,NR,NL_0NLZSP,2020-Q2,29,
ESTAT:MAR_TF_QM$DEFAULTVIEW(1.0),25/05/22 23:00:00,Q,TOTAL,ODC_CNT,NR,NL_0NLZSP,2020-Q3,45,
ESTAT:MAR_TF_QM$DEFAULTVIEW(1.0),25/05/22 23:00:00,Q,TOTAL,ODC_CNT,NR,NL_0NLZSP,2020-Q4,55,
ESTAT:MAR_TF_QM$DEFAULTVIEW(1.0),25/05/22 23:00:00,Q,TOTAL,ODC_CNT,NR,NO,2020-Q1,1038,
ESTAT:MAR_TF_QM$DEFAULTVIEW(1.0),25/05/22 23:00:00,Q,TOTAL,ODC_CNT,NR,NO,2020-Q2,1047,
ESTAT:MAR_TF_QM$DEFAULTVIEW(1.0),25/05/22 23:00:00,Q,TOTAL,ODC_CNT,NR,NO,2020-Q3,997,
ESTAT:MAR_TF_QM$DEFAULTVIEW(1.0),25/05/22 23:00:00,Q,TOTAL,ODC_CNT,NR,NO,2020-Q4,1053,
ESTAT:MAR_TF_QM$DEFAULTVIEW(1.0),25/05/22 23:00:00,Q,TOTAL,ODC_CNT,NR,NO_0NO888,2020-Q1,81,
ESTAT:MAR_TF_QM$DEFAULTVIEW(1.0),25/05/22 23:00:00,Q,TOTAL,ODC_CNT,NR,NO_0NO888,2020-Q2,70,
ESTAT:MAR_TF_QM$DEFAULTVIEW(1.0),25/05/22 23:00:00,Q,TOTAL,ODC_CNT,NR,NO_0NO888,2020-Q3,80,
ESTAT:MAR_TF_QM$DEFAULTVIEW(1.0),25/05/22 23:00:00,Q,TOTAL,ODC_CNT,NR,NO_0NO888,2020-Q4,69,
ESTAT:MAR_TF_QM$DEFAULTVIEW(1.0),25/05/22 23:00:00,Q,TOTAL,ODC_CNT,NR,NO_0NOAES,2020-Q1,90,
ESTAT:MAR_TF_QM$DEFAULTVIEW(1.0),25/05/22 23:00:00,Q,TOTAL,ODC_CNT,NR,NO_0NOAES,2020-Q2,104,
ESTAT:MAR_TF_QM$DEFAULTVIEW(1.0),25/05/22 23:00:00,Q,TOTAL,ODC_CNT,NR,NO_0NOAES,2020-Q3,86,
ESTAT:MAR_TF_QM$DEFAULTVIEW(1.0),25/05/22 23:00:00,Q,TOTAL,ODC_CNT,NR,NO_0NOAES,2020-Q4,85,
ESTAT:MAR_TF_QM$DEFAULTVIEW(1.0),25/05/22 23:00:00,Q,TOTAL,ODC_CNT,NR,NO_0NOBGO,2020-Q1,81,
ESTAT:MAR_TF_QM$DEFAULTVIEW(1.0),25/05/22 23:00:00,Q,TOTAL,ODC_CNT,NR,NO_0NOBGO,2020-Q2,89,
ESTAT:MAR_TF_QM$DEFAULTVIEW(1.0),25/05/22 23:00:00,Q,TOTAL,ODC_CNT,NR,NO_0NOBGO,2020-Q3,77,
ESTAT:MAR_TF_QM$DEFAULTVIEW(1.0),25/05/22 23:00:00,Q,TOTAL,ODC_CNT,NR,NO_0NOBGO,2020-Q4,97,
ESTAT:MAR_TF_QM$DEFAULTVIEW(1.0),25/05/22 23:00:00,Q,TOTAL,ODC_CNT,NR,NO_0NOBNN,2020-Q1,7,
ESTAT:MAR_TF_QM$DEFAULTVIEW(1.0),25/05/22 23:00:00,Q,TOTAL,ODC_CNT,NR,NO_0NOBNN,2020-Q2,2,
ESTAT:MAR_TF_QM$DEFAULTVIEW(1.0),25/05/22 23:00:00,Q,TOTAL,ODC_CNT,NR,NO_0NOBNN,2020-Q3,3,
ESTAT:MAR_TF_QM$DEFAULTVIEW(1.0),25/05/22 23:00:00,Q,TOTAL,ODC_CNT,NR,NO_0NOBNN,2020-Q4,12,
ESTAT:MAR_TF_QM$DEFAULTVIEW(1.0),25/05/22 23:00:00,Q,TOTAL,ODC_CNT,NR,NO_0NOBOO,2020-Q1,10,
ESTAT:MAR_TF_QM$DEFAULTVIEW(1.0),25/05/22 23:00:00,Q,TOTAL,ODC_CNT,NR,NO_0NOBOO,2020-Q2,6,
ESTAT:MAR_TF_QM$DEFAULTVIEW(1.0),25/05/22 23:00:00,Q,TOTAL,ODC_CNT,NR,NO_0NOBOO,2020-Q3,7,
ESTAT:MAR_TF_QM$DEFAULTVIEW(1.0),25/05/22 23:00:00,Q,TOTAL,ODC_CNT,NR,NO_0NOBOO,2020-Q4,8,
ESTAT:MAR_TF_QM$DEFAULTVIEW(1.0),25/05/22 23:00:00,Q,TOTAL,ODC_CNT,NR,NO_0NODRM,2020-Q1,35,
ESTAT:MAR_TF_QM$DEFAULTVIEW(1.0),25/05/22 23:00:00,Q,TOTAL,ODC_CNT,NR,NO_0NODRM,2020-Q2,37,
ESTAT:MAR_TF_QM$DEFAULTVIEW(1.0),25/05/22 23:00:00,Q,TOTAL,ODC_CNT,NR,NO_0NODRM,2020-Q3,39,
ESTAT:MAR_TF_QM$DEFAULTVIEW(1.0),25/05/22 23:00:00,Q,TOTAL,ODC_CNT,NR,NO_0NODRM,2020-Q4,32,
ESTAT:MAR_TF_QM$DEFAULTVIEW(1.0),25/05/22 23:00:00,Q,TOTAL,ODC_CNT,NR,NO_0NOEGE,2020-Q1,17,
ESTAT:MAR_TF_QM$DEFAULTVIEW(1.0),25/05/22 23:00:00,Q,TOTAL,ODC_CNT,NR,NO_0NOEGE,2020-Q2,13,
ESTAT:MAR_TF_QM$DEFAULTVIEW(1.0),25/05/22 23:00:00,Q,TOTAL,ODC_CNT,NR,NO_0NOEGE,2020-Q3,14,
ESTAT:MAR_TF_QM$DEFAULTVIEW(1.0),25/05/22 23:00:00,Q,TOTAL,ODC_CNT,NR,NO_0NOEGE,2020-Q4,22,
ESTAT:MAR_TF_QM$DEFAULTVIEW(1.0),25/05/22 23:00:00,Q,TOTAL,ODC_CNT,NR,NO_0NOFRK,2020-Q1,38,
ESTAT:MAR_TF_QM$DEFAULTVIEW(1.0),25/05/22 23:00:00,Q,TOTAL,ODC_CNT,NR,NO_0NOFRK,2020-Q2,39,
ESTAT:MAR_TF_QM$DEFAULTVIEW(1.0),25/05/22 23:00:00,Q,TOTAL,ODC_CNT,NR,NO_0NOFRK,2020-Q3,38,
ESTAT:MAR_TF_QM$DEFAULTVIEW(1.0),25/05/22 23:00:00,Q,TOTAL,ODC_CNT,NR,NO_0NOFRK,2020-Q4,30,
ESTAT:MAR_TF_QM$DEFAULTVIEW(1.0),25/05/22 23:00:00,Q,TOTAL,ODC_CNT,NR,NO_0NOFRO,2020-Q1,35,
ESTAT:MAR_TF_QM$DEFAULTVIEW(1.0),25/05/22 23:00:00,Q,TOTAL,ODC_CNT,NR,NO_0NOFRO,2020-Q2,36,
ESTAT:MAR_TF_QM$DEFAULTVIEW(1.0),25/05/22 23:00:00,Q,TOTAL,ODC_CNT,NR,NO_0NOFRO,2020-Q3,40,
ESTAT:MAR_TF_QM$DEFAULTVIEW(1.0),25/05/22 23:00:00,Q,TOTAL,ODC_CNT,NR,NO_0NOFRO,2020-Q4,53,
ESTAT:MAR_TF_QM$DEFAULTVIEW(1.0),25/05/22 23:00:00,Q,TOTAL,ODC_CNT,NR,NO_0NOGVL,2020-Q1,37,
ESTAT:MAR_TF_QM$DEFAULTVIEW(1.0),25/05/22 23:00:00,Q,TOTAL,ODC_CNT,NR,NO_0NOGVL,2020-Q2,36,
ESTAT:MAR_TF_QM$DEFAULTVIEW(1.0),25/05/22 23:00:00,Q,TOTAL,ODC_CNT,NR,NO_0NOGVL,2020-Q3,35,
ESTAT:MAR_TF_QM$DEFAULTVIEW(1.0),25/05/22 23:00:00,Q,TOTAL,ODC_CNT,NR,NO_0NOGVL,2020-Q4,44,
ESTAT:MAR_TF_QM$DEFAULTVIEW(1.0),25/05/22 23:00:00,Q,TOTAL,ODC_CNT,NR,NO_0NOHAU,2020-Q1,7,
ESTAT:MAR_TF_QM$DEFAULTVIEW(1.0),25/05/22 23:00:00,Q,TOTAL,ODC_CNT,NR,NO_0NOHAU,2020-Q2,8,
ESTAT:MAR_TF_QM$DEFAULTVIEW(1.0),25/05/22 23:00:00,Q,TOTAL,ODC_CNT,NR,NO_0NOHAU,2020-Q3,7,
ESTAT:MAR_TF_QM$DEFAULTVIEW(1.0),25/05/22 23:00:00,Q,TOTAL,ODC_CNT,NR,NO_0NOHAU,2020-Q4,12,
ESTAT:MAR_TF_QM$DEFAULTVIEW(1.0),25/05/22 23:00:00,Q,TOTAL,ODC_CNT,NR,NO_0NOHFT,2020-Q1,1,
ESTAT:MAR_TF_QM$DEFAULTVIEW(1.0),25/05/22 23:00:00,Q,TOTAL,ODC_CNT,NR,NO_0NOHFT,2020-Q2,1,
ESTAT:MAR_TF_QM$DEFAULTVIEW(1.0),25/05/22 23:00:00,Q,TOTAL,ODC_CNT,NR,NO_0NOHRD,2020-Q1,13,
ESTAT:MAR_TF_QM$DEFAULTVIEW(1.0),25/05/22 23:00:00,Q,TOTAL,ODC_CNT,NR,NO_0NOHRD,2020-Q2,9,
ESTAT:MAR_TF_QM$DEFAULTVIEW(1.0),25/05/22 23:00:00,Q,TOTAL,ODC_CNT,NR,NO_0NOHRD,2020-Q3,10,
ESTAT:MAR_TF_QM$DEFAULTVIEW(1.0),25/05/22 23:00:00,Q,TOTAL,ODC_CNT,NR,NO_0NOHRD,2020-Q4,11,
ESTAT:MAR_TF_QM$DEFAULTVIEW(1.0),25/05/22 23:00:00,Q,TOTAL,ODC_CNT,NR,NO_0NOKRS,2020-Q1,62,
ESTAT:MAR_TF_QM$DEFAULTVIEW(1.0),25/05/22 23:00:00,Q,TOTAL,ODC_CNT,NR,NO_0NOKRS,2020-Q2,63,
ESTAT:MAR_TF_QM$DEFAULTVIEW(1.0),25/05/22 23:00:00,Q,TOTAL,ODC_CNT,NR,NO_0NOKRS,2020-Q3,59,
ESTAT:MAR_TF_QM$DEFAULTVIEW(1.0),25/05/22 23:00:00,Q,TOTAL,ODC_CNT,NR,NO_0NOKRS,2020-Q4,60,
ESTAT:MAR_TF_QM$DEFAULTVIEW(1.0),25/05/22 23:00:00,Q,TOTAL,ODC_CNT,NR,NO_0NOKSU,2020-Q1,37,
ESTAT:MAR_TF_QM$DEFAULTVIEW(1.0),25/05/22 23:00:00,Q,TOTAL,ODC_CNT,NR,NO_0NOKSU,2020-Q2,48,
ESTAT:MAR_TF_QM$DEFAULTVIEW(1.0),25/05/22 23:00:00,Q,TOTAL,ODC_CNT,NR,NO_0NOKSU,2020-Q3,43,
ESTAT:MAR_TF_QM$DEFAULTVIEW(1.0),25/05/22 23:00:00,Q,TOTAL,ODC_CNT,NR,NO_0NOKSU,2020-Q4,47,
ESTAT:MAR_TF_QM$DEFAULTVIEW(1.0),25/05/22 23:00:00,Q,TOTAL,ODC_CNT,NR,NO_0NOKVD,2020-Q1,4,
ESTAT:MAR_TF_QM$DEFAULTVIEW(1.0),25/05/22 23:00:00,Q,TOTAL,ODC_CNT,NR,NO_0NOKVD,2020-Q3,4,
ESTAT:MAR_TF_QM$DEFAULTVIEW(1.0),25/05/22 23:00:00,Q,TOTAL,ODC_CNT,NR,NO_0NOKVD,2020-Q4,3,
ESTAT:MAR_TF_QM$DEFAULTVIEW(1.0),25/05/22 23:00:00,Q,TOTAL,ODC_CNT,NR,NO_0NOLAR,2020-Q1,47,
ESTAT:MAR_TF_QM$DEFAULTVIEW(1.0),25/05/22 23:00:00,Q,TOTAL,ODC_CNT,NR,NO_0NOLAR,2020-Q2,56,
ESTAT:MAR_TF_QM$DEFAULTVIEW(1.0),25/05/22 23:00:00,Q,TOTAL,ODC_CNT,NR,NO_0NOLAR,2020-Q3,47,
ESTAT:MAR_TF_QM$DEFAULTVIEW(1.0),25/05/22 23:00:00,Q,TOTAL,ODC_CNT,NR,NO_0NOLAR,2020-Q4,48,
ESTAT:MAR_TF_QM$DEFAULTVIEW(1.0),25/05/22 23:00:00,Q,TOTAL,ODC_CNT,NR,NO_0NOMAY,2020-Q1,48,
ESTAT:MAR_TF_QM$DEFAULTVIEW(1.0),25/05/22 23:00:00,Q,TOTAL,ODC_CNT,NR,NO_0NOMAY,2020-Q2,47,
ESTAT:MAR_TF_QM$DEFAULTVIEW(1.0),25/05/22 23:00:00,Q,TOTAL,ODC_CNT,NR,NO_0NOMAY,2020-Q3,44,
ESTAT:MAR_TF_QM$DEFAULTVIEW(1.0),25/05/22 23:00:00,Q,TOTAL,ODC_CNT,NR,NO_0NOMAY,2020-Q4,37,
ESTAT:MAR_TF_QM$DEFAULTVIEW(1.0),25/05/22 23:00:00,Q,TOTAL,ODC_CNT,NR,NO_0NOMJF,2020-Q1,18,
ESTAT:MAR_TF_QM$DEFAULTVIEW(1.0),25/05/22 23:00:00,Q,TOTAL,ODC_CNT,NR,NO_0NOMJF,2020-Q2,20,
ESTAT:MAR_TF_QM$DEFAULTVIEW(1.0),25/05/22 23:00:00,Q,TOTAL,ODC_CNT,NR,NO_0NOMJF,2020-Q3,17,
ESTAT:MAR_TF_QM$DEFAULTVIEW(1.0),25/05/22 23:00:00,Q,TOTAL,ODC_CNT,NR,NO_0NOMJF,2020-Q4,14,
ESTAT:MAR_TF_QM$DEFAULTVIEW(1.0),25/05/22 23:00:00,Q,TOTAL,ODC_CNT,NR,NO_0NOMOL,2020-Q1,5,
ESTAT:MAR_TF_QM$DEFAULTVIEW(1.0),25/05/22 23:00:00,Q,TOTAL,ODC_CNT,NR,NO_0NOMOL,2020-Q2,7,
ESTAT:MAR_TF_QM$DEFAULTVIEW(1.0),25/05/22 23:00:00,Q,TOTAL,ODC_CNT,NR,NO_0NOMOL,2020-Q3,4,
ESTAT:MAR_TF_QM$DEFAULTVIEW(1.0),25/05/22 23:00:00,Q,TOTAL,ODC_CNT,NR,NO_0NOMOL,2020-Q4,13,
ESTAT:MAR_TF_QM$DEFAULTVIEW(1.0),25/05/22 23:00:00,Q,TOTAL,ODC_CNT,NR,NO_0NOMQN,2020-Q1,27,
ESTAT:MAR_TF_QM$DEFAULTVIEW(1.0),25/05/22 23:00:00,Q,TOTAL,ODC_CNT,NR,NO_0NOMQN,2020-Q2,26,
ESTAT:MAR_TF_QM$DEFAULTVIEW(1.0),25/05/22 23:00:00,Q,TOTAL,ODC_CNT,NR,NO_0NOMQN,2020-Q3,24,
ESTAT:MAR_TF_QM$DEFAULTVIEW(1.0),25/05/22 23:00:00,Q,TOTAL,ODC_CNT,NR,NO_0NOMQN,2020-Q4,23,
ESTAT:MAR_TF_QM$DEFAULTVIEW(1.0),25/05/22 23:00:00,Q,TOTAL,ODC_CNT,NR,NO_0NOMSS,2020-Q1,40,
ESTAT:MAR_TF_QM$DEFAULTVIEW(1.0),25/05/22 23:00:00,Q,TOTAL,ODC_CNT,NR,NO_0NOMSS,2020-Q2,43,
ESTAT:MAR_TF_QM$DEFAULTVIEW(1.0),25/05/22 23:00:00,Q,TOTAL,ODC_CNT,NR,NO_0NOMSS,2020-Q3,42,
ESTAT:MAR_TF_QM$DEFAULTVIEW(1.0),25/05/22 23:00:00,Q,TOTAL,ODC_CNT,NR,NO_0NOMSS,2020-Q4,40,
ESTAT:MAR_TF_QM$DEFAULTVIEW(1.0),25/05/22 23:00:00,Q,TOTAL,ODC_CNT,NR,NO_0NONVK,2020-Q2,2,
ESTAT:MAR_TF_QM$DEFAULTVIEW(1.0),25/05/22 23:00:00,Q,TOTAL,ODC_CNT,NR,NO_0NOOSL,2020-Q1,127,
ESTAT:MAR_TF_QM$DEFAULTVIEW(1.0),25/05/22 23:00:00,Q,TOTAL,ODC_CNT,NR,NO_0NOOSL,2020-Q2,123,
ESTAT:MAR_TF_QM$DEFAULTVIEW(1.0),25/05/22 23:00:00,Q,TOTAL,ODC_CNT,NR,NO_0NOOSL,2020-Q3,131,
ESTAT:MAR_TF_QM$DEFAULTVIEW(1.0),25/05/22 23:00:00,Q,TOTAL,ODC_CNT,NR,NO_0NOOSL,2020-Q4,133,
ESTAT:MAR_TF_QM$DEFAULTVIEW(1.0),25/05/22 23:00:00,Q,TOTAL,ODC_CNT,NR,NO_0NOSAU,2020-Q1,5,
ESTAT:MAR_TF_QM$DEFAULTVIEW(1.0),25/05/22 23:00:00,Q,TOTAL,ODC_CNT,NR,NO_0NOSAU,2020-Q2,2,
ESTAT:MAR_TF_QM$DEFAULTVIEW(1.0),25/05/22 23:00:00,Q,TOTAL,ODC_CNT,NR,NO_0NOSAU,2020-Q3,1,
ESTAT:MAR_TF_QM$DEFAULTVIEW(1.0),25/05/22 23:00:00,Q,TOTAL,ODC_CNT,NR,NO_0NOSAU,2020-Q4,1,
ESTAT:MAR_TF_QM$DEFAULTVIEW(1.0),25/05/22 23:00:00,Q,TOTAL,ODC_CNT,NR,NO_0NOSVE,2020-Q1,15,
ESTAT:MAR_TF_QM$DEFAULTVIEW(1.0),25/05/22 23:00:00,Q,TOTAL,ODC_CNT,NR,NO_0NOSVE,2020-Q2,16,
ESTAT:MAR_TF_QM$DEFAULTVIEW(1.0),25/05/22 23:00:00,Q,TOTAL,ODC_CNT,NR,NO_0NOSVE,2020-Q3,12,
ESTAT:MAR_TF_QM$DEFAULTVIEW(1.0),25/05/22 23:00:00,Q,TOTAL,ODC_CNT,NR,NO_0NOSVE,2020-Q4,15,
ESTAT:MAR_TF_QM$DEFAULTVIEW(1.0),25/05/22 23:00:00,Q,TOTAL,ODC_CNT,NR,NO_0NOSVG,2020-Q1,59,
ESTAT:MAR_TF_QM$DEFAULTVIEW(1.0),25/05/22 23:00:00,Q,TOTAL,ODC_CNT,NR,NO_0NOSVG,2020-Q2,53,
ESTAT:MAR_TF_QM$DEFAULTVIEW(1.0),25/05/22 23:00:00,Q,TOTAL,ODC_CNT,NR,NO_0NOSVG,2020-Q3,47,
ESTAT:MAR_TF_QM$DEFAULTVIEW(1.0),25/05/22 23:00:00,Q,TOTAL,ODC_CNT,NR,NO_0NOSVG,2020-Q4,60,
ESTAT:MAR_TF_QM$DEFAULTVIEW(1.0),25/05/22 23:00:00,Q,TOTAL,ODC_CNT,NR,NO_0NOTON,2020-Q3,1,
ESTAT:MAR_TF_QM$DEFAULTVIEW(1.0),25/05/22 23:00:00,Q,TOTAL,ODC_CNT,NR,NO_0NOTOS,2020-Q1,17,
ESTAT:MAR_TF_QM$DEFAULTVIEW(1.0),25/05/22 23:00:00,Q,TOTAL,ODC_CNT,NR,NO_0NOTOS,2020-Q2,13,
ESTAT:MAR_TF_QM$DEFAULTVIEW(1.0),25/05/22 23:00:00,Q,TOTAL,ODC_CNT,NR,NO_0NOTOS,2020-Q3,15,
ESTAT:MAR_TF_QM$DEFAULTVIEW(1.0),25/05/22 23:00:00,Q,TOTAL,ODC_CNT,NR,NO_0NOTOS,2020-Q4,7,
ESTAT:MAR_TF_QM$DEFAULTVIEW(1.0),25/05/22 23:00:00,Q,TOTAL,ODC_CNT,NR,NO_0NOTRD,2020-Q1,75,
ESTAT:MAR_TF_QM$DEFAULTVIEW(1.0),25/05/22 23:00:00,Q,TOTAL,ODC_CNT,NR,NO_0NOTRD,2020-Q2,78,
ESTAT:MAR_TF_QM$DEFAULTVIEW(1.0),25/05/22 23:00:00,Q,TOTAL,ODC_CNT,NR,NO_0NOTRD,2020-Q3,70,
ESTAT:MAR_TF_QM$DEFAULTVIEW(1.0),25/05/22 23:00:00,Q,TOTAL,ODC_CNT,NR,NO_0NOTRD,2020-Q4,77,
ESTAT:MAR_TF_QM$DEFAULTVIEW(1.0),25/05/22 23:00:00,Q,TOTAL,ODC_CNT,NR,PL,2020-Q1,466,
ESTAT:MAR_TF_QM$DEFAULTVIEW(1.0),25/05/22 23:00:00,Q,TOTAL,ODC_CNT,NR,PL,2020-Q2,399,
ESTAT:MAR_TF_QM$DEFAULTVIEW(1.0),25/05/22 23:00:00,Q,TOTAL,ODC_CNT,NR,PL,2020-Q3,447,
ESTAT:MAR_TF_QM$DEFAULTVIEW(1.0),25/05/22 23:00:00,Q,TOTAL,ODC_CNT,NR,PL,2020-Q4,433,
ESTAT:MAR_TF_QM$DEFAULTVIEW(1.0),25/05/22 23:00:00,Q,TOTAL,ODC_CNT,NR,PL_0PLGDN,2020-Q1,164,
ESTAT:MAR_TF_QM$DEFAULTVIEW(1.0),25/05/22 23:00:00,Q,TOTAL,ODC_CNT,NR,PL_0PLGDN,2020-Q2,141,
ESTAT:MAR_TF_QM$DEFAULTVIEW(1.0),25/05/22 23:00:00,Q,TOTAL,ODC_CNT,NR,PL_0PLGDN,2020-Q3,154,
ESTAT:MAR_TF_QM$DEFAULTVIEW(1.0),25/05/22 23:00:00,Q,TOTAL,ODC_CNT,NR,PL_0PLGDN,2020-Q4,157,
ESTAT:MAR_TF_QM$DEFAULTVIEW(1.0),25/05/22 23:00:00,Q,TOTAL,ODC_CNT,NR,PL_0PLGDY,2020-Q1,263,
ESTAT:MAR_TF_QM$DEFAULTVIEW(1.0),25/05/22 23:00:00,Q,TOTAL,ODC_CNT,NR,PL_0PLGDY,2020-Q2,225,
ESTAT:MAR_TF_QM$DEFAULTVIEW(1.0),25/05/22 23:00:00,Q,TOTAL,ODC_CNT,NR,PL_0PLGDY,2020-Q3,243,
ESTAT:MAR_TF_QM$DEFAULTVIEW(1.0),25/05/22 23:00:00,Q,TOTAL,ODC_CNT,NR,PL_0PLGDY,2020-Q4,242,
ESTAT:MAR_TF_QM$DEFAULTVIEW(1.0),25/05/22 23:00:00,Q,TOTAL,ODC_CNT,NR,PL_0PLSZZ,2020-Q1,39,
ESTAT:MAR_TF_QM$DEFAULTVIEW(1.0),25/05/22 23:00:00,Q,TOTAL,ODC_CNT,NR,PL_0PLSZZ,2020-Q2,33,
ESTAT:MAR_TF_QM$DEFAULTVIEW(1.0),25/05/22 23:00:00,Q,TOTAL,ODC_CNT,NR,PL_0PLSZZ,2020-Q3,50,
ESTAT:MAR_TF_QM$DEFAULTVIEW(1.0),25/05/22 23:00:00,Q,TOTAL,ODC_CNT,NR,PL_0PLSZZ,2020-Q4,34,
ESTAT:MAR_TF_QM$DEFAULTVIEW(1.0),25/05/22 23:00:00,Q,TOTAL,ODC_CNT,NR,PT,2020-Q1,958,
ESTAT:MAR_TF_QM$DEFAULTVIEW(1.0),25/05/22 23:00:00,Q,TOTAL,ODC_CNT,NR,PT,2020-Q2,961,
ESTAT:MAR_TF_QM$DEFAULTVIEW(1.0),25/05/22 23:00:00,Q,TOTAL,ODC_CNT,NR,PT,2020-Q3,1088,
ESTAT:MAR_TF_QM$DEFAULTVIEW(1.0),25/05/22 23:00:00,Q,TOTAL,ODC_CNT,NR,PT,2020-Q4,1035,
ESTAT:MAR_TF_QM$DEFAULTVIEW(1.0),25/05/22 23:00:00,Q,TOTAL,ODC_CNT,NR,PT_0PTAVE,2020-Q1,1,
ESTAT:MAR_TF_QM$DEFAULTVIEW(1.0),25/05/22 23:00:00,Q,TOTAL,ODC_CNT,NR,PT_0PTAVE,2020-Q2,1,
ESTAT:MAR_TF_QM$DEFAULTVIEW(1.0),25/05/22 23:00:00,Q,TOTAL,ODC_CNT,NR,PT_0PTAVE,2020-Q3,1,
ESTAT:MAR_TF_QM$DEFAULTVIEW(1.0),25/05/22 23:00:00,Q,TOTAL,ODC_CNT,NR,PT_0PTCDP,2020-Q1,13,
ESTAT:MAR_TF_QM$DEFAULTVIEW(1.0),25/05/22 23:00:00,Q,TOTAL,ODC_CNT,NR,PT_0PTCDP,2020-Q2,13,
ESTAT:MAR_TF_QM$DEFAULTVIEW(1.0),25/05/22 23:00:00,Q,TOTAL,ODC_CNT,NR,PT_0PTCDP,2020-Q3,15,
ESTAT:MAR_TF_QM$DEFAULTVIEW(1.0),25/05/22 23:00:00,Q,TOTAL,ODC_CNT,NR,PT_0PTCDP,2020-Q4,14,
ESTAT:MAR_TF_QM$DEFAULTVIEW(1.0),25/05/22 23:00:00,Q,TOTAL,ODC_CNT,NR,PT_0PTCNL,2020-Q1,39,
ESTAT:MAR_TF_QM$DEFAULTVIEW(1.0),25/05/22 23:00:00,Q,TOTAL,ODC_CNT,NR,PT_0PTCNL,2020-Q2,45,
ESTAT:MAR_TF_QM$DEFAULTVIEW(1.0),25/05/22 23:00:00,Q,TOTAL,ODC_CNT,NR,PT_0PTCNL,2020-Q3,46,
ESTAT:MAR_TF_QM$DEFAULTVIEW(1.0),25/05/22 23:00:00,Q,TOTAL,ODC_CNT,NR,PT_0PTCNL,2020-Q4,46,
ESTAT:MAR_TF_QM$DEFAULTVIEW(1.0),25/05/22 23:00:00,Q,TOTAL,ODC_CNT,NR,PT_0PTFDF,2020-Q1,12,
ESTAT:MAR_TF_QM$DEFAULTVIEW(1.0),25/05/22 23:00:00,Q,TOTAL,ODC_CNT,NR,PT_0PTFDF,2020-Q2,8,
ESTAT:MAR_TF_QM$DEFAULTVIEW(1.0),25/05/22 23:00:00,Q,TOTAL,ODC_CNT,NR,PT_0PTFDF,2020-Q3,13,
ESTAT:MAR_TF_QM$DEFAULTVIEW(1.0),25/05/22 23:00:00,Q,TOTAL,ODC_CNT,NR,PT_0PTFDF,2020-Q4,12,
ESTAT:MAR_TF_QM$DEFAULTVIEW(1.0),25/05/22 23:00:00,Q,TOTAL,ODC_CNT,NR,PT_0PTHOR,2020-Q1,13,
ESTAT:MAR_TF_QM$DEFAULTVIEW(1.0),25/05/22 23:00:00,Q,TOTAL,ODC_CNT,NR,PT_0PTHOR,2020-Q2,13,
ESTAT:MAR_TF_QM$DEFAULTVIEW(1.0),25/05/22 23:00:00,Q,TOTAL,ODC_CNT,NR,PT_0PTHOR,2020-Q3,13,
ESTAT:MAR_TF_QM$DEFAULTVIEW(1.0),25/05/22 23:00:00,Q,TOTAL,ODC_CNT,NR,PT_0PTHOR,2020-Q4,13,
ESTAT:MAR_TF_QM$DEFAULTVIEW(1.0),25/05/22 23:00:00,Q,TOTAL,ODC_CNT,NR,PT_0PTLEI,2020-Q1,279,
ESTAT:MAR_TF_QM$DEFAULTVIEW(1.0),25/05/22 23:00:00,Q,TOTAL,ODC_CNT,NR,PT_0PTLEI,2020-Q2,278,
ESTAT:MAR_TF_QM$DEFAULTVIEW(1.0),25/05/22 23:00:00,Q,TOTAL,ODC_CNT,NR,PT_0PTLEI,2020-Q3,308,
ESTAT:MAR_TF_QM$DEFAULTVIEW(1.0),25/05/22 23:00:00,Q,TOTAL,ODC_CNT,NR,PT_0PTLEI,2020-Q4,285,
ESTAT:MAR_TF_QM$DEFAULTVIEW(1.0),25/05/22 23:00:00,Q,TOTAL,ODC_CNT,NR,PT_0PTLIS,2020-Q1,130,
ESTAT:MAR_TF_QM$DEFAULTVIEW(1.0),25/05/22 23:00:00,Q,TOTAL,ODC_CNT,NR,PT_0PTLIS,2020-Q2,130,
ESTAT:MAR_TF_QM$DEFAULTVIEW(1.0),25/05/22 23:00:00,Q,TOTAL,ODC_CNT,NR,PT_0PTLIS,2020-Q3,159,
ESTAT:MAR_TF_QM$DEFAULTVIEW(1.0),25/05/22 23:00:00,Q,TOTAL,ODC_CNT,NR,PT_0PTLIS,2020-Q4,169,
ESTAT:MAR_TF_QM$DEFAULTVIEW(1.0),25/05/22 23:00:00,Q,TOTAL,ODC_CNT,NR,PT_0PTPDL,2020-Q1,82,
ESTAT:MAR_TF_QM$DEFAULTVIEW(1.0),25/05/22 23:00:00,Q,TOTAL,ODC_CNT,NR,PT_0PTPDL,2020-Q2,86,
ESTAT:MAR_TF_QM$DEFAULTVIEW(1.0),25/05/22 23:00:00,Q,TOTAL,ODC_CNT,NR,PT_0PTPDL,2020-Q3,90,
ESTAT:MAR_TF_QM$DEFAULTVIEW(1.0),25/05/22 23:00:00,Q,TOTAL,ODC_CNT,NR,PT_0PTPDL,2020-Q4,81,
ESTAT:MAR_TF_QM$DEFAULTVIEW(1.0),25/05/22 23:00:00,Q,TOTAL,ODC_CNT,NR,PT_0PTPRG,2020-Q1,7,
ESTAT:MAR_TF_QM$DEFAULTVIEW(1.0),25/05/22 23:00:00,Q,TOTAL,ODC_CNT,NR,PT_0PTPRG,2020-Q2,7,
ESTAT:MAR_TF_QM$DEFAULTVIEW(1.0),25/05/22 23:00:00,Q,TOTAL,ODC_CNT,NR,PT_0PTPRG,2020-Q3,6,
ESTAT:MAR_TF_QM$DEFAULTVIEW(1.0),25/05/22 23:00:00,Q,TOTAL,ODC_CNT,NR,PT_0PTPRG,2020-Q4,7,
ESTAT:MAR_TF_QM$DEFAULTVIEW(1.0),25/05/22 23:00:00,Q,TOTAL,ODC_CNT,NR,PT_0PTPRV,2020-Q1,43,
ESTAT:MAR_TF_QM$DEFAULTVIEW(1.0),25/05/22 23:00:00,Q,TOTAL,ODC_CNT,NR,PT_0PTPRV,2020-Q2,42,
ESTAT:MAR_TF_QM$DEFAULTVIEW(1.0),25/05/22 23:00:00,Q,TOTAL,ODC_CNT,NR,PT_0PTPRV,2020-Q3,45,
ESTAT:MAR_TF_QM$DEFAULTVIEW(1.0),25/05/22 23:00:00,Q,TOTAL,ODC_CNT,NR,PT_0PTPRV,2020-Q4,42,
ESTAT:MAR_TF_QM$DEFAULTVIEW(1.0),25/05/22 23:00:00,Q,TOTAL,ODC_CNT,NR,PT_0PTPXO,2020-Q1,13,
ESTAT:MAR_TF_QM$DEFAULTVIEW(1.0),25/05/22 23:00:00,Q,TOTAL,ODC_CNT,NR,PT_0PTPXO,2020-Q2,6,
ESTAT:MAR_TF_QM$DEFAULTVIEW(1.0),25/05/22 23:00:00,Q,TOTAL,ODC_CNT,NR,PT_0PTPXO,2020-Q3,9,
ESTAT:MAR_TF_QM$DEFAULTVIEW(1.0),25/05/22 23:00:00,Q,TOTAL,ODC_CNT,NR,PT_0PTPXO,2020-Q4,7,
ESTAT:MAR_TF_QM$DEFAULTVIEW(1.0),25/05/22 23:00:00,Q,TOTAL,ODC_CNT,NR,PT_0PTSET,2020-Q1,73,
ESTAT:MAR_TF_QM$DEFAULTVIEW(1.0),25/05/22 23:00:00,Q,TOTAL,ODC_CNT,NR,PT_0PTSET,2020-Q2,93,
ESTAT:MAR_TF_QM$DEFAULTVIEW(1.0),25/05/22 23:00:00,Q,TOTAL,ODC_CNT,NR,PT_0PTSET,2020-Q3,134,
ESTAT:MAR_TF_QM$DEFAULTVIEW(1.0),25/05/22 23:00:00,Q,TOTAL,ODC_CNT,NR,PT_0PTSET,2020-Q4,117,
ESTAT:MAR_TF_QM$DEFAULTVIEW(1.0),25/05/22 23:00:00,Q,TOTAL,ODC_CNT,NR,PT_0PTSIE,2020-Q1,231,
ESTAT:MAR_TF_QM$DEFAULTVIEW(1.0),25/05/22 23:00:00,Q,TOTAL,ODC_CNT,NR,PT_0PTSIE,2020-Q2,220,
ESTAT:MAR_TF_QM$DEFAULTVIEW(1.0),25/05/22 23:00:00,Q,TOTAL,ODC_CNT,NR,PT_0PTSIE,2020-Q3,226,
ESTAT:MAR_TF_QM$DEFAULTVIEW(1.0),25/05/22 23:00:00,Q,TOTAL,ODC_CNT,NR,PT_0PTSIE,2020-Q4,221,
ESTAT:MAR_TF_QM$DEFAULTVIEW(1.0),25/05/22 23:00:00,Q,TOTAL,ODC_CNT,NR,PT_0PTVDC,2020-Q1,3,
ESTAT:MAR_TF_QM$DEFAULTVIEW(1.0),25/05/22 23:00:00,Q,TOTAL,ODC_CNT,NR,PT_0PTVDC,2020-Q3,2,
ESTAT:MAR_TF_QM$DEFAULTVIEW(1.0),25/05/22 23:00:00,Q,TOTAL,ODC_CNT,NR,PT_0PTVDP,2020-Q1,7,
ESTAT:MAR_TF_QM$DEFAULTVIEW(1.0),25/05/22 23:00:00,Q,TOTAL,ODC_CNT,NR,PT_0PTVDP,2020-Q2,6,
ESTAT:MAR_TF_QM$DEFAULTVIEW(1.0),25/05/22 23:00:00,Q,TOTAL,ODC_CNT,NR,PT_0PTVDP,2020-Q3,7,
ESTAT:MAR_TF_QM$DEFAULTVIEW(1.0),25/05/22 23:00:00,Q,TOTAL,ODC_CNT,NR,PT_0PTVDP,2020-Q4,7,
ESTAT:MAR_TF_QM$DEFAULTVIEW(1.0),25/05/22 23:00:00,Q,TOTAL,ODC_CNT,NR,PT_0PTVEL,2020-Q1,12,
ESTAT:MAR_TF_QM$DEFAULTVIEW(1.0),25/05/22 23:00:00,Q,TOTAL,ODC_CNT,NR,PT_0PTVEL,2020-Q2,13,
ESTAT:MAR_TF_QM$DEFAULTVIEW(1.0),25/05/22 23:00:00,Q,TOTAL,ODC_CNT,NR,PT_0PTVEL,2020-Q3,14,
ESTAT:MAR_TF_QM$DEFAULTVIEW(1.0),25/05/22 23:00:00,Q,TOTAL,ODC_CNT,NR,PT_0PTVEL,2020-Q4,14,
ESTAT:MAR_TF_QM$DEFAULTVIEW(1.0),25/05/22 23:00:00,Q,TOTAL,ODC_CNT,NR,RO,2020-Q1,115,
ESTAT:MAR_TF_QM$DEFAULTVIEW(1.0),25/05/22 23:00:00,Q,TOTAL,ODC_CNT,NR,RO,2020-Q2,115,
ESTAT:MAR_TF_QM$DEFAULTVIEW(1.0),25/05/22 23:00:00,Q,TOTAL,ODC_CNT,NR,RO,2020-Q3,119,
ESTAT:MAR_TF_QM$DEFAULTVIEW(1.0),25/05/22 23:00:00,Q,TOTAL,ODC_CNT,NR,RO,2020-Q4,115,
ESTAT:MAR_TF_QM$DEFAULTVIEW(1.0),25/05/22 23:00:00,Q,TOTAL,ODC_CNT,NR,RO_0ROCND,2020-Q1,115,
ESTAT:MAR_TF_QM$DEFAULTVIEW(1.0),25/05/22 23:00:00,Q,TOTAL,ODC_CNT,NR,RO_0ROCND,2020-Q2,115,
ESTAT:MAR_TF_QM$DEFAULTVIEW(1.0),25/05/22 23:00:00,Q,TOTAL,ODC_CNT,NR,RO_0ROCND,2020-Q3,119,
ESTAT:MAR_TF_QM$DEFAULTVIEW(1.0),25/05/22 23:00:00,Q,TOTAL,ODC_CNT,NR,RO_0ROCND,2020-Q4,115,
ESTAT:MAR_TF_QM$DEFAULTVIEW(1.0),25/05/22 23:00:00,Q,TOTAL,ODC_CNT,NR,SE,2020-Q1,682,
ESTAT:MAR_TF_QM$DEFAULTVIEW(1.0),25/05/22 23:00:00,Q,TOTAL,ODC_CNT,NR,SE,2020-Q2,627,
ESTAT:MAR_TF_QM$DEFAULTVIEW(1.0),25/05/22 23:00:00,Q,TOTAL,ODC_CNT,NR,SE,2020-Q3,577,
ESTAT:MAR_TF_QM$DEFAULTVIEW(1.0),25/05/22 23:00:00,Q,TOTAL,ODC_CNT,NR,SE,2020-Q4,571,
ESTAT:MAR_TF_QM$DEFAULTVIEW(1.0),25/05/22 23:00:00,Q,TOTAL,ODC_CNT,NR,SE_1,2020-Q1,394,
ESTAT:MAR_TF_QM$DEFAULTVIEW(1.0),25/05/22 23:00:00,Q,TOTAL,ODC_CNT,NR,SE_1,2020-Q2,349,
ESTAT:MAR_TF_QM$DEFAULTVIEW(1.0),25/05/22 23:00:00,Q,TOTAL,ODC_CNT,NR,SE_1,2020-Q3,373,
ESTAT:MAR_TF_QM$DEFAULTVIEW(1.0),25/05/22 23:00:00,Q,TOTAL,ODC_CNT,NR,SE_1,2020-Q4,366,
ESTAT:MAR_TF_QM$DEFAULTVIEW(1.0),25/05/22 23:00:00,Q,TOTAL,ODC_CNT,NR,SE_1SEAHU,2020-Q1,12,
ESTAT:MAR_TF_QM$DEFAULTVIEW(1.0),25/05/22 23:00:00,Q,TOTAL,ODC_CNT,NR,SE_1SEAHU,2020-Q2,14,
ESTAT:MAR_TF_QM$DEFAULTVIEW(1.0),25/05/22 23:00:00,Q,TOTAL,ODC_CNT,NR,SE_1SEAHU,2020-Q3,26,
ESTAT:MAR_TF_QM$DEFAULTVIEW(1.0),25/05/22 23:00:00,Q,TOTAL,ODC_CNT,NR,SE_1SEAHU,2020-Q4,17,
ESTAT:MAR_TF_QM$DEFAULTVIEW(1.0),25/05/22 23:00:00,Q,TOTAL,ODC_CNT,NR,SE_1SEGVX,2020-Q1,54,
ESTAT:MAR_TF_QM$DEFAULTVIEW(1.0),25/05/22 23:00:00,Q,TOTAL,ODC_CNT,NR,SE_1SEGVX,2020-Q2,44,
ESTAT:MAR_TF_QM$DEFAULTVIEW(1.0),25/05/22 23:00:00,Q,TOTAL,ODC_CNT,NR,SE_1SEGVX,2020-Q3,51,
ESTAT:MAR_TF_QM$DEFAULTVIEW(1.0),25/05/22 23:00:00,Q,TOTAL,ODC_CNT,NR,SE_1SEGVX,2020-Q4,52,
ESTAT:MAR_TF_QM$DEFAULTVIEW(1.0),25/05/22 23:00:00,Q,TOTAL,ODC_CNT,NR,SE_1SEHEL,2020-Q1,153,
ESTAT:MAR_TF_QM$DEFAULTVIEW(1.0),25/05/22 23:00:00,Q,TOTAL,ODC_CNT,NR,SE_1SEHEL,2020-Q2,131,
ESTAT:MAR_TF_QM$DEFAULTVIEW(1.0),25/05/22 23:00:00,Q,TOTAL,ODC_CNT,NR,SE_1SEHEL,2020-Q3,143,
ESTAT:MAR_TF_QM$DEFAULTVIEW(1.0),25/05/22 23:00:00,Q,TOTAL,ODC_CNT,NR,SE_1SEHEL,2020-Q4,136,
ESTAT:MAR_TF_QM$DEFAULTVIEW(1.0),25/05/22 23:00:00,Q,TOTAL,ODC_CNT,NR,SE_1SEKLR,2020-Q1,1,
ESTAT:MAR_TF_QM$DEFAULTVIEW(1.0),25/05/22 23:00:00,Q,TOTAL,ODC_CNT,NR,SE_1SEKOG,2020-Q2,1,
ESTAT:MAR_TF_QM$DEFAULTVIEW(1.0),25/05/22 23:00:00,Q,TOTAL,ODC_CNT,NR,SE_1SENRK,2020-Q1,63,
ESTAT:MAR_TF_QM$DEFAULTVIEW(1.0),25/05/22 23:00:00,Q,TOTAL,ODC_CNT,NR,SE_1SENRK,2020-Q2,47,
ESTAT:MAR_TF_QM$DEFAULTVIEW(1.0),25/05/22 23:00:00,Q,TOTAL,ODC_CNT,NR,SE_1SENRK,2020-Q3,53,
ESTAT:MAR_TF_QM$DEFAULTVIEW(1.0),25/05/22 23:00:00,Q,TOTAL,ODC_CNT,NR,SE_1SENRK,2020-Q4,49,
ESTAT:MAR_TF_QM$DEFAULTVIEW(1.0),25/05/22 23:00:00,Q,TOTAL,ODC_CNT,NR,SE_1SEOXE,2020-Q1,2,
ESTAT:MAR_TF_QM$DEFAULTVIEW(1.0),25/05/22 23:00:00,Q,TOTAL,ODC_CNT,NR,SE_1SEPIT,2020-Q1,11,
ESTAT:MAR_TF_QM$DEFAULTVIEW(1.0),25/05/22 23:00:00,Q,TOTAL,ODC_CNT,NR,SE_1SEPIT,2020-Q2,11,
ESTAT:MAR_TF_QM$DEFAULTVIEW(1.0),25/05/22 23:00:00,Q,TOTAL,ODC_CNT,NR,SE_1SEPIT,2020-Q3,10,
ESTAT:MAR_TF_QM$DEFAULTVIEW(1.0),25/05/22 23:00:00,Q,TOTAL,ODC_CNT,NR,SE_1SEPIT,2020-Q4,10,
ESTAT:MAR_TF_QM$DEFAULTVIEW(1.0),25/05/22 23:00:00,Q,TOTAL,ODC_CNT,NR,SE_1SESDL,2020-Q1,29,
ESTAT:MAR_TF_QM$DEFAULTVIEW(1.0),25/05/22 23:00:00,Q,TOTAL,ODC_CNT,NR,SE_1SESDL,2020-Q2,26,
ESTAT:MAR_TF_QM$DEFAULTVIEW(1.0),25/05/22 23:00:00,Q,TOTAL,ODC_CNT,NR,SE_1SESDL,2020-Q3,18,
ESTAT:MAR_TF_QM$DEFAULTVIEW(1.0),25/05/22 23:00:00,Q,TOTAL,ODC_CNT,NR,SE_1SESDL,2020-Q4,26,
ESTAT:MAR_TF_QM$DEFAULTVIEW(1.0),25/05/22 23:00:00,Q,TOTAL,ODC_CNT,NR,SE_1SESOE,2020-Q1,20,
ESTAT:MAR_TF_QM$DEFAULTVIEW(1.0),25/05/22 23:00:00,Q,TOTAL,ODC_CNT,NR,SE_1SESOE,2020-Q2,22,
ESTAT:MAR_TF_QM$DEFAULTVIEW(1.0),25/05/22 23:00:00,Q,TOTAL,ODC_CNT,NR,SE_1SESOE,2020-Q3,20,
ESTAT:MAR_TF_QM$DEFAULTVIEW(1.0),25/05/22 23:00:00,Q,TOTAL,ODC_CNT,NR,SE_1SESOE,2020-Q4,29,
ESTAT:MAR_TF_QM$DEFAULTVIEW(1.0),25/05/22 23:00:00,Q,TOTAL,ODC_CNT,NR,SE_1SESOR,2020-Q2,1,
ESTAT:MAR_TF_QM$DEFAULTVIEW(1.0),25/05/22 23:00:00,Q,TOTAL,ODC_CNT,NR,SE_1SESTO,2020-Q1,37,
ESTAT:MAR_TF_QM$DEFAULTVIEW(1.0),25/05/22 23:00:00,Q,TOTAL,ODC_CNT,NR,SE_1SESTO,2020-Q2,35,
ESTAT:MAR_TF_QM$DEFAULTVIEW(1.0),25/05/22 23:00:00,Q,TOTAL,ODC_CNT,NR,SE_1SESTO,2020-Q3,38,
ESTAT:MAR_TF_QM$DEFAULTVIEW(1.0),25/05/22 23:00:00,Q,TOTAL,ODC_CNT,NR,SE_1SESTO,2020-Q4,32,
ESTAT:MAR_TF_QM$DEFAULTVIEW(1.0),25/05/22 23:00:00,Q,TOTAL,ODC_CNT,NR,SE_1SEUME,2020-Q1,7,
ESTAT:MAR_TF_QM$DEFAULTVIEW(1.0),25/05/22 23:00:00,Q,TOTAL,ODC_CNT,NR,SE_1SEUME,2020-Q2,12,
ESTAT:MAR_TF_QM$DEFAULTVIEW(1.0),25/05/22 23:00:00,Q,TOTAL,ODC_CNT,NR,SE_1SEUME,2020-Q3,10,
ESTAT:MAR_TF_QM$DEFAULTVIEW(1.0),25/05/22 23:00:00,Q,TOTAL,ODC_CNT,NR,SE_1SEUME,2020-Q4,12,
ESTAT:MAR_TF_QM$DEFAULTVIEW(1.0),25/05/22 23:00:00,Q,TOTAL,ODC_CNT,NR,SE_1SEVST,2020-Q1,5,
ESTAT:MAR_TF_QM$DEFAULTVIEW(1.0),25/05/22 23:00:00,Q,TOTAL,ODC_CNT,NR,SE_1SEVST,2020-Q2,5,
ESTAT:MAR_TF_QM$DEFAULTVIEW(1.0),25/05/22 23:00:00,Q,TOTAL,ODC_CNT,NR,SE_1SEVST,2020-Q3,4,
ESTAT:MAR_TF_QM$DEFAULTVIEW(1.0),25/05/22 23:00:00,Q,TOTAL,ODC_CNT,NR,SE_1SEVST,2020-Q4,3,
ESTAT:MAR_TF_QM$DEFAULTVIEW(1.0),25/05/22 23:00:00,Q,TOTAL,ODC_CNT,NR,SE_2,2020-Q1,288,
ESTAT:MAR_TF_QM$DEFAULTVIEW(1.0),25/05/22 23:00:00,Q,TOTAL,ODC_CNT,NR,SE_2,2020-Q2,278,
ESTAT:MAR_TF_QM$DEFAULTVIEW(1.0),25/05/22 23:00:00,Q,TOTAL,ODC_CNT,NR,SE_2,2020-Q3,204,
ESTAT:MAR_TF_QM$DEFAULTVIEW(1.0),25/05/22 23:00:00,Q,TOTAL,ODC_CNT,NR,SE_2,2020-Q4,205,
ESTAT:MAR_TF_QM$DEFAULTVIEW(1.0),25/05/22 23:00:00,Q,TOTAL,ODC_CNT,NR,SE_2SEGOT,2020-Q1,245,
ESTAT:MAR_TF_QM$DEFAULTVIEW(1.0),25/05/22 23:00:00,Q,TOTAL,ODC_CNT,NR,SE_2SEGOT,2020-Q2,235,
ESTAT:MAR_TF_QM$DEFAULTVIEW(1.0),25/05/22 23:00:00,Q,TOTAL,ODC_CNT,NR,SE_2SEGOT,2020-Q3,149,
ESTAT:MAR_TF_QM$DEFAULTVIEW(1.0),25/05/22 23:00:00,Q,TOTAL,ODC_CNT,NR,SE_2SEGOT,2020-Q4,154,
ESTAT:MAR_TF_QM$DEFAULTVIEW(1.0),25/05/22 23:00:00,Q,TOTAL,ODC_CNT,NR,SE_2SEHAD,2020-Q1,32,
ESTAT:MAR_TF_QM$DEFAULTVIEW(1.0),25/05/22 23:00:00,Q,TOTAL,ODC_CNT,NR,SE_2SEHAD,2020-Q2,30,
ESTAT:MAR_TF_QM$DEFAULTVIEW(1.0),25/05/22 23:00:00,Q,TOTAL,ODC_CNT,NR,SE_2SEHAD,2020-Q3,40,
ESTAT:MAR_TF_QM$DEFAULTVIEW(1.0),25/05/22 23:00:00,Q,TOTAL,ODC_CNT,NR,SE_2SEHAD,2020-Q4,37,
ESTAT:MAR_TF_QM$DEFAULTVIEW(1.0),25/05/22 23:00:00,Q,TOTAL,ODC_CNT,NR,SE_2SEVAG,2020-Q1,11,
ESTAT:MAR_TF_QM$DEFAULTVIEW(1.0),25/05/22 23:00:00,Q,TOTAL,ODC_CNT,NR,SE_2SEVAG,2020-Q2,13,
ESTAT:MAR_TF_QM$DEFAULTVIEW(1.0),25/05/22 23:00:00,Q,TOTAL,ODC_CNT,NR,SE_2SEVAG,2020-Q3,15,
ESTAT:MAR_TF_QM$DEFAULTVIEW(1.0),25/05/22 23:00:00,Q,TOTAL,ODC_CNT,NR,SE_2SEVAG,2020-Q4,14,
ESTAT:MAR_TF_QM$DEFAULTVIEW(1.0),25/05/22 23:00:00,Q,TOTAL,ODC_CNT,NR,SI,2020-Q1,155,
ESTAT:MAR_TF_QM$DEFAULTVIEW(1.0),25/05/22 23:00:00,Q,TOTAL,ODC_CNT,NR,SI,2020-Q2,154,
ESTAT:MAR_TF_QM$DEFAULTVIEW(1.0),25/05/22 23:00:00,Q,TOTAL,ODC_CNT,NR,SI,2020-Q3,154,
ESTAT:MAR_TF_QM$DEFAULTVIEW(1.0),25/05/22 23:00:00,Q,TOTAL,ODC_CNT,NR,SI,2020-Q4,147,
ESTAT:MAR_TF_QM$DEFAULTVIEW(1.0),25/05/22 23:00:00,Q,TOTAL,ODC_CNT,NR,SI_0SIKOP,2020-Q1,155,
ESTAT:MAR_TF_QM$DEFAULTVIEW(1.0),25/05/22 23:00:00,Q,TOTAL,ODC_CNT,NR,SI_0SIKOP,2020-Q2,154,
ESTAT:MAR_TF_QM$DEFAULTVIEW(1.0),25/05/22 23:00:00,Q,TOTAL,ODC_CNT,NR,SI_0SIKOP,2020-Q3,154,
ESTAT:MAR_TF_QM$DEFAULTVIEW(1.0),25/05/22 23:00:00,Q,TOTAL,ODC_CNT,NR,SI_0SIKOP,2020-Q4,147,
ESTAT:MAR_TF_QM$DEFAULTVIEW(1.0),25/05/22 23:00:00,Q,TOTAL,ODC_CNT,NR,TR,2020-Q1,2656,
ESTAT:MAR_TF_QM$DEFAULTVIEW(1.0),25/05/22 23:00:00,Q,TOTAL,ODC_CNT,NR,TR,2020-Q2,2613,
ESTAT:MAR_TF_QM$DEFAULTVIEW(1.0),25/05/22 23:00:00,Q,TOTAL,ODC_CNT,NR,TR,2020-Q3,2839,
ESTAT:MAR_TF_QM$DEFAULTVIEW(1.0),25/05/22 23:00:00,Q,TOTAL,ODC_CNT,NR,TR,2020-Q4,3019,
ESTAT:MAR_TF_QM$DEFAULTVIEW(1.0),25/05/22 23:00:00,Q,TOTAL,ODC_CNT,NR,TR_1,2020-Q1,22,
ESTAT:MAR_TF_QM$DEFAULTVIEW(1.0),25/05/22 23:00:00,Q,TOTAL,ODC_CNT,NR,TR_1,2020-Q2,20,
ESTAT:MAR_TF_QM$DEFAULTVIEW(1.0),25/05/22 23:00:00,Q,TOTAL,ODC_CNT,NR,TR_1,2020-Q3,21,
ESTAT:MAR_TF_QM$DEFAULTVIEW(1.0),25/05/22 23:00:00,Q,TOTAL,ODC_CNT,NR,TR_1,2020-Q4,35,
ESTAT:MAR_TF_QM$DEFAULTVIEW(1.0),25/05/22 23:00:00,Q,TOTAL,ODC_CNT,NR,TR_1TRBTN,2020-Q1,1,
ESTAT:MAR_TF_QM$DEFAULTVIEW(1.0),25/05/22 23:00:00,Q,TOTAL,ODC_CNT,NR,TR_1TRBTN,2020-Q2,1,
ESTAT:MAR_TF_QM$DEFAULTVIEW(1.0),25/05/22 23:00:00,Q,TOTAL,ODC_CNT,NR,TR_1TRBTN,2020-Q3,2,
ESTAT:MAR_TF_QM$DEFAULTVIEW(1.0),25/05/22 23:00:00,Q,TOTAL,ODC_CNT,NR,TR_1TRSSX,2020-Q1,12,
ESTAT:MAR_TF_QM$DEFAULTVIEW(1.0),25/05/22 23:00:00,Q,TOTAL,ODC_CNT,NR,TR_1TRSSX,2020-Q2,12,
ESTAT:MAR_TF_QM$DEFAULTVIEW(1.0),25/05/22 23:00:00,Q,TOTAL,ODC_CNT,NR,TR_1TRSSX,2020-Q3,16,
ESTAT:MAR_TF_QM$DEFAULTVIEW(1.0),25/05/22 23:00:00,Q,TOTAL,ODC_CNT,NR,TR_1TRSSX,2020-Q4,26,
ESTAT:MAR_TF_QM$DEFAULTVIEW(1.0),25/05/22 23:00:00,Q,TOTAL,ODC_CNT,NR,TR_1TRTZX,2020-Q1,9,
ESTAT:MAR_TF_QM$DEFAULTVIEW(1.0),25/05/22 23:00:00,Q,TOTAL,ODC_CNT,NR,TR_1TRTZX,2020-Q2,7,
ESTAT:MAR_TF_QM$DEFAULTVIEW(1.0),25/05/22 23:00:00,Q,TOTAL,ODC_CNT,NR,TR_1TRTZX,2020-Q3,3,
ESTAT:MAR_TF_QM$DEFAULTVIEW(1.0),25/05/22 23:00:00,Q,TOTAL,ODC_CNT,NR,TR_1TRTZX,2020-Q4,6,
ESTAT:MAR_TF_QM$DEFAULTVIEW(1.0),25/05/22 23:00:00,Q,TOTAL,ODC_CNT,NR,TR_1TRZON,2020-Q4,3,
ESTAT:MAR_TF_QM$DEFAULTVIEW(1.0),25/05/22 23:00:00,Q,TOTAL,ODC_CNT,NR,TR_2,2020-Q1,2628,
ESTAT:MAR_TF_QM$DEFAULTVIEW(1.0),25/05/22 23:00:00,Q,TOTAL,ODC_CNT,NR,TR_2,2020-Q2,2589,
ESTAT:MAR_TF_QM$DEFAULTVIEW(1.0),25/05/22 23:00:00,Q,TOTAL,ODC_CNT,NR,TR_2,2020-Q3,2816,
ESTAT:MAR_TF_QM$DEFAULTVIEW(1.0),25/05/22 23:00:00,Q,TOTAL,ODC_CNT,NR,TR_2,2020-Q4,2982,
ESTAT:MAR_TF_QM$DEFAULTVIEW(1.0),25/05/22 23:00:00,Q,TOTAL,ODC_CNT,NR,TR_2TRALI,2020-Q1,325,
ESTAT:MAR_TF_QM$DEFAULTVIEW(1.0),25/05/22 23:00:00,Q,TOTAL,ODC_CNT,NR,TR_2TRALI,2020-Q2,329,
ESTAT:MAR_TF_QM$DEFAULTVIEW(1.0),25/05/22 23:00:00,Q,TOTAL,ODC_CNT,NR,TR_2TRALI,2020-Q3,388,
ESTAT:MAR_TF_QM$DEFAULTVIEW(1.0),25/05/22 23:00:00,Q,TOTAL,ODC_CNT,NR,TR_2TRALI,2020-Q4,414,
ESTAT:MAR_TF_QM$DEFAULTVIEW(1.0),25/05/22 23:00:00,Q,TOTAL,ODC_CNT,NR,TR_2TRAMB,2020-Q1,563,
ESTAT:MAR_TF_QM$DEFAULTVIEW(1.0),25/05/22 23:00:00,Q,TOTAL,ODC_CNT,NR,TR_2TRAMB,2020-Q2,537,
ESTAT:MAR_TF_QM$DEFAULTVIEW(1.0),25/05/22 23:00:00,Q,TOTAL,ODC_CNT,NR,TR_2TRAMB,2020-Q3,560,
ESTAT:MAR_TF_QM$DEFAULTVIEW(1.0),25/05/22 23:00:00,Q,TOTAL,ODC_CNT,NR,TR_2TRAMB,2020-Q4,602,
ESTAT:MAR_TF_QM$DEFAULTVIEW(1.0),25/05/22 23:00:00,Q,TOTAL,ODC_CNT,NR,TR_2TRAYT,2020-Q1,37,
ESTAT:MAR_TF_QM$DEFAULTVIEW(1.0),25/05/22 23:00:00,Q,TOTAL,ODC_CNT,NR,TR_2TRAYT,2020-Q2,42,
ESTAT:MAR_TF_QM$DEFAULTVIEW(1.0),25/05/22 23:00:00,Q,TOTAL,ODC_CNT,NR,TR_2TRAYT,2020-Q3,33,
ESTAT:MAR_TF_QM$DEFAULTVIEW(1.0),25/05/22 23:00:00,Q,TOTAL,ODC_CNT,NR,TR_2TRAYT,2020-Q4,32,
ESTAT:MAR_TF_QM$DEFAULTVIEW(1.0),25/05/22 23:00:00,Q,TOTAL,ODC_CNT,NR,TR_2TRBDM,2020-Q1,5,
ESTAT:MAR_TF_QM$DEFAULTVIEW(1.0),25/05/22 23:00:00,Q,TOTAL,ODC_CNT,NR,TR_2TRBDM,2020-Q2,8,
ESTAT:MAR_TF_QM$DEFAULTVIEW(1.0),25/05/22 23:00:00,Q,TOTAL,ODC_CNT,NR,TR_2TRBDM,2020-Q3,10,
ESTAT:MAR_TF_QM$DEFAULTVIEW(1.0),25/05/22 23:00:00,Q,TOTAL,ODC_CNT,NR,TR_2TRBDM,2020-Q4,5,
ESTAT:MAR_TF_QM$DEFAULTVIEW(1.0),25/05/22 23:00:00,Q,TOTAL,ODC_CNT,NR,TR_2TRBOT,2020-Q3,1,
ESTAT:MAR_TF_QM$DEFAULTVIEW(1.0),25/05/22 23:00:00,Q,TOTAL,ODC_CNT,NR,TR_2TRCKZ,2020-Q3,1,
ESTAT:MAR_TF_QM$DEFAULTVIEW(1.0),25/05/22 23:00:00,Q,TOTAL,ODC_CNT,NR,TR_2TRFET,2020-Q3,1,
ESTAT:MAR_TF_QM$DEFAULTVIEW(1.0),25/05/22 23:00:00,Q,TOTAL,ODC_CNT,NR,TR_2TRGEM,2020-Q1,316,
ESTAT:MAR_TF_QM$DEFAULTVIEW(1.0),25/05/22 23:00:00,Q,TOTAL,ODC_CNT,NR,TR_2TRGEM,2020-Q2,294,
ESTAT:MAR_TF_QM$DEFAULTVIEW(1.0),25/05/22 23:00:00,Q,TOTAL,ODC_CNT,NR,TR_2TRGEM,2020-Q3,334,
ESTAT:MAR_TF_QM$DEFAULTVIEW(1.0),25/05/22 23:00:00,Q,TOTAL,ODC_CNT,NR,TR_2TRGEM,2020-Q4,361,
ESTAT:MAR_TF_QM$DEFAULTVIEW(1.0),25/05/22 23:00:00,Q,TOTAL,ODC_CNT,NR,TR_2TRGUL,2020-Q1,1,
ESTAT:MAR_TF_QM$DEFAULTVIEW(1.0),25/05/22 23:00:00,Q,TOTAL,ODC_CNT,NR,TR_2TRISK,2020-Q1,179,
ESTAT:MAR_TF_QM$DEFAULTVIEW(1.0),25/05/22 23:00:00,Q,TOTAL,ODC_CNT,NR,TR_2TRISK,2020-Q2,185,
ESTAT:MAR_TF_QM$DEFAULTVIEW(1.0),25/05/22 23:00:00,Q,TOTAL,ODC_CNT,NR,TR_2TRISK,2020-Q3,203,
ESTAT:MAR_TF_QM$DEFAULTVIEW(1.0),25/05/22 23:00:00,Q,TOTAL,ODC_CNT,NR,TR_2TRISK,2020-Q4,194,
ESTAT:MAR_TF_QM$DEFAULTVIEW(1.0),25/05/22 23:00:00,Q,TOTAL,ODC_CNT,NR,TR_2TRIST,2020-Q1,28,
ESTAT:MAR_TF_QM$DEFAULTVIEW(1.0),25/05/22 23:00:00,Q,TOTAL,ODC_CNT,NR,TR_2TRIST,2020-Q2,25,
ESTAT:MAR_TF_QM$DEFAULTVIEW(1.0),25/05/22 23:00:00,Q,TOTAL,ODC_CNT,NR,TR_2TRIST,2020-Q3,34,
ESTAT:MAR_TF_QM$DEFAULTVIEW(1.0),25/05/22 23:00:00,Q,TOTAL,ODC_CNT,NR,TR_2TRIST,2020-Q4,21,
ESTAT:MAR_TF_QM$DEFAULTVIEW(1.0),25/05/22 23:00:00,Q,TOTAL,ODC_CNT,NR,TR_2TRIZM,2020-Q1,161,
ESTAT:MAR_TF_QM$DEFAULTVIEW(1.0),25/05/22 23:00:00,Q,TOTAL,ODC_CNT,NR,TR_2TRIZM,2020-Q2,169,
ESTAT:MAR_TF_QM$DEFAULTVIEW(1.0),25/05/22 23:00:00,Q,TOTAL,ODC_CNT,NR,TR_2TRIZM,2020-Q3,181,
ESTAT:MAR_TF_QM$DEFAULTVIEW(1.0),25/05/22 23:00:00,Q,TOTAL,ODC_CNT,NR,TR_2TRIZM,2020-Q4,173,
ESTAT:MAR_TF_QM$DEFAULTVIEW(1.0),25/05/22 23:00:00,Q,TOTAL,ODC_CNT,NR,TR_2TRIZT,2020-Q1,439,
ESTAT:MAR_TF_QM$DEFAULTVIEW(1.0),25/05/22 23:00:00,Q,TOTAL,ODC_CNT,NR,TR_2TRIZT,2020-Q2,417,
ESTAT:MAR_TF_QM$DEFAULTVIEW(1.0),25/05/22 23:00:00,Q,TOTAL,ODC_CNT,NR,TR_2TRIZT,2020-Q3,457,
ESTAT:MAR_TF_QM$DEFAULTVIEW(1.0),25/05/22 23:00:00,Q,TOTAL,ODC_CNT,NR,TR_2TRIZT,2020-Q4,485,
ESTAT:MAR_TF_QM$DEFAULTVIEW(1.0),25/05/22 23:00:00,Q,TOTAL,ODC_CNT,NR,TR_2TRKRB,2020-Q2,3,
ESTAT:MAR_TF_QM$DEFAULTVIEW(1.0),25/05/22 23:00:00,Q,TOTAL,ODC_CNT,NR,TR_2TRKRB,2020-Q3,1,
ESTAT:MAR_TF_QM$DEFAULTVIEW(1.0),25/05/22 23:00:00,Q,TOTAL,ODC_CNT,NR,TR_2TRMER,2020-Q1,365,
ESTAT:MAR_TF_QM$DEFAULTVIEW(1.0),25/05/22 23:00:00,Q,TOTAL,ODC_CNT,NR,TR_2TRMER,2020-Q2,375,
ESTAT:MAR_TF_QM$DEFAULTVIEW(1.0),25/05/22 23:00:00,Q,TOTAL,ODC_CNT,NR,TR_2TRMER,2020-Q3,384,
ESTAT:MAR_TF_QM$DEFAULTVIEW(1.0),25/05/22 23:00:00,Q,TOTAL,ODC_CNT,NR,TR_2TRMER,2020-Q4,451,
ESTAT:MAR_TF_QM$DEFAULTVIEW(1.0),25/05/22 23:00:00,Q,TOTAL,ODC_CNT,NR,TR_2TRMRA,2020-Q2,1,
ESTAT:MAR_TF_QM$DEFAULTVIEW(1.0),25/05/22 23:00:00,Q,TOTAL,ODC_CNT,NR,TR_2TRMRA,2020-Q3,1,
ESTAT:MAR_TF_QM$DEFAULTVIEW(1.0),25/05/22 23:00:00,Q,TOTAL,ODC_CNT,NR,TR_2TRMRA,2020-Q4,1,
ESTAT:MAR_TF_QM$DEFAULTVIEW(1.0),25/05/22 23:00:00,Q,TOTAL,ODC_CNT,NR,TR_2TRTEK,2020-Q1,208,
ESTAT:MAR_TF_QM$DEFAULTVIEW(1.0),25/05/22 23:00:00,Q,TOTAL,ODC_CNT,NR,TR_2TRTEK,2020-Q2,204,
ESTAT:MAR_TF_QM$DEFAULTVIEW(1.0),25/05/22 23:00:00,Q,TOTAL,ODC_CNT,NR,TR_2TRTEK,2020-Q3,227,
ESTAT:MAR_TF_QM$DEFAULTVIEW(1.0),25/05/22 23:00:00,Q,TOTAL,ODC_CNT,NR,TR_2TRTEK,2020-Q4,242,
ESTAT:MAR_TF_QM$DEFAULTVIEW(1.0),25/05/22 23:00:00,Q,TOTAL,ODC_CNT,NR,TR_2TRYAL,2020-Q1,1,
ESTAT:MAR_TF_QM$DEFAULTVIEW(1.0),25/05/22 23:00:00,Q,TOTAL,ODC_CNT,NR,TR_2TRYAL,2020-Q4,1,
ESTAT:MAR_TF_QM$DEFAULTVIEW(1.0),25/05/22 23:00:00,Q,TOTAL,ODC_CNT,NR,TR_9,2020-Q1,6,
ESTAT:MAR_TF_QM$DEFAULTVIEW(1.0),25/05/22 23:00:00,Q,TOTAL,ODC_CNT,NR,TR_9,2020-Q2,4,
ESTAT:MAR_TF_QM$DEFAULTVIEW(1.0),25/05/22 23:00:00,Q,TOTAL,ODC_CNT,NR,TR_9,2020-Q3,2,
ESTAT:MAR_TF_QM$DEFAULTVIEW(1.0),25/05/22 23:00:00,Q,TOTAL,ODC_CNT,NR,TR_9,2020-Q4,2,
ESTAT:MAR_TF_QM$DEFAULTVIEW(1.0),25/05/22 23:00:00,Q,TOTAL,ODC_CNT,NR,TR_9TR888,2020-Q1,6,
ESTAT:MAR_TF_QM$DEFAULTVIEW(1.0),25/05/22 23:00:00,Q,TOTAL,ODC_CNT,NR,TR_9TR888,2020-Q2,4,
ESTAT:MAR_TF_QM$DEFAULTVIEW(1.0),25/05/22 23:00:00,Q,TOTAL,ODC_CNT,NR,TR_9TR888,2020-Q3,2,
ESTAT:MAR_TF_QM$DEFAULTVIEW(1.0),25/05/22 23:00:00,Q,TOTAL,ODC_CNT,NR,TR_9TR888,2020-Q4,2,
ESTAT:MAR_TF_QM$DEFAULTVIEW(1.0),25/05/22 23:00:00,Q,TOTAL,ODC_CNT,NR,UK,2020-Q1,1732,
ESTAT:MAR_TF_QM$DEFAULTVIEW(1.0),25/05/22 23:00:00,Q,TOTAL,ODC_CNT,NR,UK,2020-Q2,1709,
ESTAT:MAR_TF_QM$DEFAULTVIEW(1.0),25/05/22 23:00:00,Q,TOTAL,ODC_CNT,NR,UK_1,2020-Q1,1732,
ESTAT:MAR_TF_QM$DEFAULTVIEW(1.0),25/05/22 23:00:00,Q,TOTAL,ODC_CNT,NR,UK_1,2020-Q2,1709,
ESTAT:MAR_TF_QM$DEFAULTVIEW(1.0),25/05/22 23:00:00,Q,TOTAL,ODC_CNT,NR,UK_1GBBEL,2020-Q1,52,
ESTAT:MAR_TF_QM$DEFAULTVIEW(1.0),25/05/22 23:00:00,Q,TOTAL,ODC_CNT,NR,UK_1GBBEL,2020-Q2,49,
ESTAT:MAR_TF_QM$DEFAULTVIEW(1.0),25/05/22 23:00:00,Q,TOTAL,ODC_CNT,NR,UK_1GBBRS,2020-Q1,44,
ESTAT:MAR_TF_QM$DEFAULTVIEW(1.0),25/05/22 23:00:00,Q,TOTAL,ODC_CNT,NR,UK_1GBBRS,2020-Q2,44,
ESTAT:MAR_TF_QM$DEFAULTVIEW(1.0),25/05/22 23:00:00,Q,TOTAL,ODC_CNT,NR,UK_1GBCYP,2020-Q1,38,
ESTAT:MAR_TF_QM$DEFAULTVIEW(1.0),25/05/22 23:00:00,Q,TOTAL,ODC_CNT,NR,UK_1GBCYP,2020-Q2,50,
ESTAT:MAR_TF_QM$DEFAULTVIEW(1.0),25/05/22 23:00:00,Q,TOTAL,ODC_CNT,NR,UK_1GBFOR,2020-Q1,78,
ESTAT:MAR_TF_QM$DEFAULTVIEW(1.0),25/05/22 23:00:00,Q,TOTAL,ODC_CNT,NR,UK_1GBFOR,2020-Q2,73,
ESTAT:MAR_TF_QM$DEFAULTVIEW(1.0),25/05/22 23:00:00,Q,TOTAL,ODC_CNT,NR,UK_1GBFXT,2020-Q1,251,
ESTAT:MAR_TF_QM$DEFAULTVIEW(1.0),25/05/22 23:00:00,Q,TOTAL,ODC_CNT,NR,UK_1GBFXT,2020-Q2,253,
ESTAT:MAR_TF_QM$DEFAULTVIEW(1.0),25/05/22 23:00:00,Q,TOTAL,ODC_CNT,NR,UK_1GBHUL,2020-Q1,140,
ESTAT:MAR_TF_QM$DEFAULTVIEW(1.0),25/05/22 23:00:00,Q,TOTAL,ODC_CNT,NR,UK_1GBHUL,2020-Q2,131,
ESTAT:MAR_TF_QM$DEFAULTVIEW(1.0),25/05/22 23:00:00,Q,TOTAL,ODC_CNT,NR,UK_1GBIMM,2020-Q1,134,
ESTAT:MAR_TF_QM$DEFAULTVIEW(1.0),25/05/22 23:00:00,Q,TOTAL,ODC_CNT,NR,UK_1GBIMM,2020-Q2,143,
ESTAT:MAR_TF_QM$DEFAULTVIEW(1.0),25/05/22 23:00:00,Q,TOTAL,ODC_CNT,NR,UK_1GBKWL,2020-Q2,3,
ESTAT:MAR_TF_QM$DEFAULTVIEW(1.0),25/05/22 23:00:00,Q,TOTAL,ODC_CNT,NR,UK_1GBLON,2020-Q1,521,
ESTAT:MAR_TF_QM$DEFAULTVIEW(1.0),25/05/22 23:00:00,Q,TOTAL,ODC_CNT,NR,UK_1GBLON,2020-Q2,513,
ESTAT:MAR_TF_QM$DEFAULTVIEW(1.0),25/05/22 23:00:00,Q,TOTAL,ODC_CNT,NR,UK_1GBMED,2020-Q1,50,
ESTAT:MAR_TF_QM$DEFAULTVIEW(1.0),25/05/22 23:00:00,Q,TOTAL,ODC_CNT,NR,UK_1GBMED,2020-Q2,52,
ESTAT:MAR_TF_QM$DEFAULTVIEW(1.0),25/05/22 23:00:00,Q,TOTAL,ODC_CNT,NR,UK_1GBMME,2020-Q1,185,
ESTAT:MAR_TF_QM$DEFAULTVIEW(1.0),25/05/22 23:00:00,Q,TOTAL,ODC_CNT,NR,UK_1GBMME,2020-Q2,154,
ESTAT:MAR_TF_QM$DEFAULTVIEW(1.0),25/05/22 23:00:00,Q,TOTAL,ODC_CNT,NR,UK_1GBPME,2020-Q1,5,
ESTAT:MAR_TF_QM$DEFAULTVIEW(1.0),25/05/22 23:00:00,Q,TOTAL,ODC_CNT,NR,UK_1GBPOO,2020-Q2,2,
ESTAT:MAR_TF_QM$DEFAULTVIEW(1.0),25/05/22 23:00:00,Q,TOTAL,ODC_CNT,NR,UK_1GBSOU,2020-Q1,200,
ESTAT:MAR_TF_QM$DEFAULTVIEW(1.0),25/05/22 23:00:00,Q,TOTAL,ODC_CNT,NR,UK_1GBSOU,2020-Q2,197,
ESTAT:MAR_TF_QM$DEFAULTVIEW(1.0),25/05/22 23:00:00,Q,TOTAL,ODC_CNT,NR,UK_1GBTYN,2020-Q1,11,
ESTAT:MAR_TF_QM$DEFAULTVIEW(1.0),25/05/22 23:00:00,Q,TOTAL,ODC_CNT,NR,UK_1GBTYN,2020-Q2,24,
ESTAT:MAR_TF_QM$DEFAULTVIEW(1.0),25/05/22 23:00:00,Q,TOTAL,ODC_CNT,NR,UK_1GBWPT,2020-Q1,23,
ESTAT:MAR_TF_QM$DEFAULTVIEW(1.0),25/05/22 23:00:00,Q,TOTAL,ODC_CNT,NR,UK_1GBWPT,2020-Q2,21,
